id,dateOccurr,yearOccurr,monthOccur,dayOccurre,timeOccurr,month,year,ucr,crime,descriptio,newCrime,unfounded,adjustment,count,district,neighborho,ileadsaddr,ileadsstre,cadaddress,cadstreet,locationNa,locationCo,xcoord,ycoord,insample,_source
367605,28may2014,2014,5,28,2115,May,2014,Motor Vehicle Theft,71013,AUTO THEFT-PERM RETNT/UNRECOV OVER 48HR,Yes,No,No,1,2,27,4171,CLEVELAND AVE,,CLEVELAND,,,890581.19,1011758.0,1,May2014.dta
355105,24feb2014,2014,2,24,815,February,2014,Burglary,51112,BURGLARY-RESIDENCE/DAY/FORCE ENT/UNOCCUPIED,Yes,No,No,1,2,27,4052,RUSSELL AVE,,RUSSELL,,,891564.31,1012562.0,1,February2014.dta
360315,02apr2014,2014,4,2,2230,April,2014,Motor Vehicle Theft,71013,AUTO THEFT-PERM RETNT/UNRECOV OVER 48HR,Yes,No,No,1,2,27,4200,SHENANDOAH AVE,,SHENANDOAH,,,890326.81,1011279.0,1,April2014.dta
390014,31oct2014,2014,10,31,2200,November,2014,Motor Vehicle Theft,71030,AUTO THEFT-PERM RETNT/JOY RIDE,Yes,No,No,1,2,27,4116,CLEVELAND AVE,,CLEVELAND,,,891053.69,1011520.0,1,November2014.dta
376989,31jul2014,2014,7,31,2250,August,2014,Other Offense,265321,LEAVING SCENE OF ACCIDENT,Yes,No,No,1,2,27,2347,S 39TH ST,,39TH,,,892781.13,1010812.0,1,August2014.dta
373865,10jul2014,2014,7,10,1000,July,2014,Larceny,69602,"LARCENY-ALL OTHER $500 - $24,999",Yes,No,No,1,2,27,2101,TOWER GROVE AVE,,SHAW,,SPINKS PAVILION,889770.19,1012869.0,1,July2014.dta
394187,02dec2014,2014,12,2,844,December,2014,Motor Vehicle Theft,71013,AUTO THEFT-PERM RETNT/UNRECOV OVER 48HR,Yes,No,No,1,2,27,2200,LAWRENCE ST,,SHENANDOAH,,,892109.38,1011839.0,1,December2014.dta
389499,30oct2014,2014,10,30,700,October,2014,Burglary,51122,BURGLARY-RESIDENCE/DAY/UNLAW ENT/UNOCCUPIED,Yes,No,No,1,2,27,3833,RUSSELL AVE,,RUSSELL,,,893308.38,1012548.0,1,October2014.dta
386894,09oct2014,2014,10,9,1900,October,2014,Larceny,69702,LARCENY-ALL OTHER UNDER $500,Yes,No,No,1,2,27,4022,FLORA PL,,FLORA,,,891833.88,1012079.0,1,October2014.dta
374393,14jul2014,2014,7,14,845,July,2014,Larceny,64701,LARCENY-FROM MTR VEH UNDER $500,Yes,No,No,1,2,81,0,S 39TH ST / MAGNOLIA AVE,,39TH,,,892713.31,1010253.0,1,July2014.dta
392629,22nov2014,2014,11,22,2030,November,2014,Robbery,36111,ROBBERY-COMMERCE PL/FIREARM USED/SUCCESS,Yes,No,No,1,2,27,2255,S GRAND BLVD,,GRAND,,SUBWAY - GRAND,894126.13,1011007.0,1,November2014.dta
382209,07sep2014,2014,9,7,1400,September,2014,Larceny,66701,LARCENY-BICYCLES UNDER $500,Yes,No,No,1,2,27,3654,BOTANICAL AVE,,BOTANICAL,,,893625.13,1010567.0,1,September2014.dta
373874,10jul2014,2014,7,10,1230,July,2014,Burglary,51112,BURGLARY-RESIDENCE/DAY/FORCE ENT/UNOCCUPIED,Yes,No,No,1,2,27,3932,BOTANICAL AVE,,BOTANICAL,,,892361.13,1010718.0,1,July2014.dta
386901,09oct2014,2014,10,9,2000,October,2014,Larceny,69702,LARCENY-ALL OTHER UNDER $500,Yes,No,No,1,2,27,3820,FLORA PL,,FLORA,,,893354.88,1011901.0,1,October2014.dta
360851,07apr2014,2014,4,7,1715,April,2014,Larceny,65601,"LARCENY-MTR VEH PARTS $500 - $24,999",Yes,No,No,1,2,27,3905,FLAD AVE,,FLAD,,,892768.5,1011829.0,1,April2014.dta
368148,12may2014,2014,5,12,1027,June,2014,Forgery and Counterfeiting,101000,FORGERY,Yes,No,No,1,2,27,4101,MAGNOLIA AVE,,MAGNOLIA,,,891047.63,1010514.0,1,June2014.dta
351476,17jan2014,2014,1,17,2130,January,2014,Larceny,65701,LARCENY-MTR VEH PARTS UNDER $500,Yes,No,No,1,2,27,,RUSSELL AVE,,RUSSELL,,,891848.38,1012529.0,1,January2014.dta
358251,24mar2014,2014,3,24,1114,March,2014,Other Offense,266999,PUBLIC ORDER-OTHR UNSPC PBLC ORDER VIOLATION,Yes,No,No,1,2,27,3853,BOTANICAL AVE,,BOTANICAL,,,892930.63,1010839.0,1,March2014.dta
376488,30jul2014,2014,7,30,2030,July,2014,Larceny,64601,"LARCENY-FROM MTR VEH $500 - $24,999",Yes,No,No,1,2,27,4200,SHAW AVE,,SHAW,,,890554.38,1013293.0,1,July2014.dta
386909,09oct2014,2014,10,9,2102,October,2014,Criminal Damage,142320,DESTRUCTION OF PROPERTY-MALICIOUS/PRIV PROP,Yes,No,No,1,2,27,3856,FLORA PL,,FLORA,,,893014.13,1011942.0,1,October2014.dta
380138,24aug2014,2014,8,24,2000,August,2014,Larceny,65701,LARCENY-MTR VEH PARTS UNDER $500,Yes,No,No,1,2,27,0,S 39TH ST / RUSSELL BLVD,,,,,892989.31,1012529.0,1,August2014.dta
386913,09oct2014,2014,10,9,2130,October,2014,Robbery,31422,ROBBERY-HIGHWAY  /STRNGARM/NO INJ/ATTEMPT,Yes,No,No,1,2,27,3900,FLORA PL,,,,,892857.31,1012107.0,1,October2014.dta
393165,26nov2014,2014,11,26,700,November,2014,Larceny,65701,LARCENY-MTR VEH PARTS UNDER $500,Yes,No,No,1,2,27,4252,BOTANICAL AVE,,BOTANICAL,,,889779.63,1011021.0,1,November2014.dta
356695,10mar2014,2014,3,10,315,March,2014,Larceny,64701,LARCENY-FROM MTR VEH UNDER $500,Yes,No,No,1,2,27,4242,SHENANDOAH AVE,,SHENANDOAH,,REAR PARKING PAD,889898.63,1011442.0,1,March2014.dta
384309,22sep2014,2014,9,22,1900,September,2014,Criminal Damage,142320,DESTRUCTION OF PROPERTY-MALICIOUS/PRIV PROP,Yes,No,No,1,2,27,2353,S 39TH ST,,39TH,,,892781.13,1010812.0,1,September2014.dta
369201,07jun2014,2014,6,7,15,June,2014,Robbery,31111,ROBBERY-HIGHWAY  /FIREARM USED/SUCCESSFUL,Yes,No,No,1,2,27,4171,FLAD AVE,,FLAD,,,890569.81,1012085.0,1,June2014.dta
356176,09nov2013,2013,11,9,1148,March,2014,Larceny,69602,"LARCENY-ALL OTHER $500 - $24,999",Yes,No,No,1,2,27,4038,FLAD AVE,,FLAD,,,891632.5,1011776.0,1,March2014.dta
350446,08jan2014,2014,1,8,119,January,2014,Criminal Damage,142320,DESTRUCTION OF PROPERTY-MALICIOUS/PRIV PROP,Yes,No,No,1,2,27,,CLEVELAND AVE,,CLEVELAND,,,891430.31,1011476.0,1,January2014.dta
384314,22sep2014,2014,9,22,2000,September,2014,Larceny,65601,"LARCENY-MTR VEH PARTS $500 - $24,999",Yes,No,No,1,2,27,2161,THURMAN AVE,,THURMAN,,VEHICLE PARKED ON REAR PARKING PAD,891394.63,1012326.0,1,September2014.dta
361914,15apr2014,2014,4,15,2000,April,2014,Larceny,66701,LARCENY-BICYCLES UNDER $500,Yes,No,No,1,2,27,4016,SHAW AVE,,SHAW,,,892033.63,1013121.0,1,April2014.dta
378587,12aug2014,2014,8,12,1430,August,2014,Larceny,64711,LARCENY-FROM MTR VEH UNDER $500  /ATTEMPT,Yes,No,No,1,2,27,4046,BOTANICAL AVE,,BOTANICAL,,,891450.88,1010826.0,1,August2014.dta
378067,08aug2014,2014,8,8,1930,August,2014,Criminal Damage,142320,DESTRUCTION OF PROPERTY-MALICIOUS/PRIV PROP,Yes,No,No,1,2,27,4121,SHENANDOAH AVE,,SHENANDOAH,,,891001.13,1011385.0,1,August2014.dta
396826,22dec2014,2014,12,22,2330,December,2014,Larceny,65701,LARCENY-MTR VEH PARTS UNDER $500,Yes,No,No,1,2,27,4049,SHENANDOAH AVE,,SHENANDOAH,,,891484.63,1011329.0,1,December2014.dta
395787,14dec2014,2014,12,14,1900,December,2014,Larceny,64601,"LARCENY-FROM MTR VEH $500 - $24,999",Yes,No,No,1,2,27,3825,BOTANICAL AVE,,BOTANICAL,,,893202.31,1010807.0,1,December2014.dta
392141,18nov2014,2014,11,18,2030,November,2014,Criminal Damage,142320,DESTRUCTION OF PROPERTY-MALICIOUS/PRIV PROP,Yes,No,No,1,2,27,2101,TOWER GROVE AVE,,SHAW,PAVILLION,@MISSOURI BOTANICAL GARDEN,889770.19,1012869.0,1,November2014.dta
397352,28dec2014,2014,12,28,40,December,2014,Motor Vehicle Theft,71040,AUTO THEFT-PERM RETNT/ATTEMPT,Yes,No,No,1,2,27,4228,FLAD AVE,,FLAD,,,890142.38,1011950.0,1,December2014.dta
361925,15apr2014,2014,4,15,2245,April,2014,Motor Vehicle Theft,71013,AUTO THEFT-PERM RETNT/UNRECOV OVER 48HR,Yes,No,No,1,2,27,3664,RUSSELL AVE,,RUSSELL,,,893812.81,1012298.0,1,April2014.dta
353590,10feb2014,2014,2,10,1100,February,2014,Motor Vehicle Theft,71013,AUTO THEFT-PERM RETNT/UNRECOV OVER 48HR,Yes,No,No,1,2,27,4119,RUSSELL AVE,,RUSSELL,,ON STREET,891188.88,1012786.0,1,February2014.dta
354111,15feb2014,2014,2,15,1630,February,2014,Larceny,64701,LARCENY-FROM MTR VEH UNDER $500,Yes,No,No,1,2,27,2241,S GRAND BLVD,,GRAND,,REAR ALLEY,894146.81,1011136.0,1,February2014.dta
382766,11sep2014,2014,9,11,1900,September,2014,Larceny,65701,LARCENY-MTR VEH PARTS UNDER $500,Yes,No,No,1,2,27,0,S 39TH ST / SHAW BLVD,,,,,893064.13,1013147.0,1,September2014.dta
366094,16may2014,2014,5,16,2000,May,2014,Criminal Damage,142320,DESTRUCTION OF PROPERTY-MALICIOUS/PRIV PROP,Yes,No,No,1,2,27,4133,SHAW BLVD,,SHAW,,,891236.13,1013341.0,1,May2014.dta
357238,15mar2014,2014,3,15,1830,March,2014,Larceny,67701,LARCENY-FROM BUILDING UNDER $500,Yes,No,No,1,2,27,3964,CASTLEMAN AVE,,CASTLEMAN,ST MARGARET OF SCOTLAND SCHOOL,,892340.31,1012789.0,1,March2014.dta
367138,24may2014,2014,5,24,1845,May,2014,Larceny,67701,LARCENY-FROM BUILDING UNDER $500,Yes,No,No,1,2,27,2255,S GRAND BLVD,,GRAND,SUBWAY,,894126.13,1011007.0,1,May2014.dta
370268,15jun2014,2014,6,15,1900,June,2014,Larceny,64701,LARCENY-FROM MTR VEH UNDER $500,Yes,No,No,1,2,27,4151,BOTANICAL AVE,,BOTANICAL,,,890779.19,1011035.0,1,June2014.dta
384336,22sep2014,2014,9,22,2200,September,2014,Larceny,64701,LARCENY-FROM MTR VEH UNDER $500,Yes,No,No,1,2,27,4146,FLORA PL,,FLORA,,,890829.81,1012196.0,1,September2014.dta
360892,07apr2014,2014,4,7,2308,April,2014,Other Assaults,92000,SIMPLE ASSAULT-HARRASSMENT,Yes,No,No,1,2,27,3846,CLEVELAND AVE,,CLEVELAND,,1ST FLOOR,893039.5,1011288.0,1,April2014.dta
374964,18jul2014,2014,7,18,1700,July,2014,Criminal Damage,142320,DESTRUCTION OF PROPERTY-MALICIOUS/PRIV PROP,Yes,No,No,1,2,27,4009,BOTANICAL AVE,,BOTANICAL,,,891836.13,1010966.0,1,July2014.dta
359335,06mar2014,2014,3,6,1520,March,2014,Burglary,51312,BURGLARY-RESDNCE/UNK TIM/FORC ENT/UNOCCUPIED,Yes,No,No,1,2,27,4141,MAGNOLIA AVE,,MAGNOLIA,,,890772.13,1010652.0,1,March2014.dta
385393,30sep2014,2014,9,30,1800,September,2014,Larceny,64601,"LARCENY-FROM MTR VEH $500 - $24,999",Yes,No,No,1,2,27,4175,FLORA PL,,FLORA,,,890580.31,1012516.0,1,September2014.dta
385394,30sep2014,2014,9,30,1800,September,2014,Larceny,65701,LARCENY-MTR VEH PARTS UNDER $500,Yes,No,No,1,2,27,3634,BOTANICAL AVE,,BOTANICAL,,,893814.88,1010547.0,1,September2014.dta
358302,24mar2014,2014,3,24,2100,March,2014,Larceny,64711,LARCENY-FROM MTR VEH UNDER $500  /ATTEMPT,Yes,No,No,1,2,27,4100,MAGNOLIA AVE,,MAGNOLIA,,BLOCK,890704.69,1010659.0,1,March2014.dta
359346,06mar2014,2014,3,6,1700,March,2014,Motor Vehicle Theft,71013,AUTO THEFT-PERM RETNT/UNRECOV OVER 48HR,Yes,No,No,1,2,27,4041,CASTLEMAN AVE,,CASTLEMAN,,,891742.88,1013024.0,1,March2014.dta
385396,30sep2014,2014,9,30,1800,September,2014,Larceny,65701,LARCENY-MTR VEH PARTS UNDER $500,Yes,No,No,1,2,27,4018,DETONTY ST,,DETONTY,,,892050.13,1013511.0,1,September2014.dta
392691,23nov2014,2014,11,23,845,November,2014,Other Assaults,91303,SIMPLE ASSAULT-POLICE OFFICER/NO INJURY,Yes,No,No,1,2,27,3846,DETONTY ST,,DETONTY,,,893287.19,1013368.0,1,November2014.dta
395297,10dec2014,2014,12,10,2300,December,2014,Larceny,65601,"LARCENY-MTR VEH PARTS $500 - $24,999",Yes,No,No,1,2,27,3815,MAGNOLIA AVE,,MAGNOLIA,,,893093.81,1010375.0,1,December2014.dta
390613,05nov2014,2014,11,5,2030,November,2014,Motor Vehicle Theft,71040,AUTO THEFT-PERM RETNT/ATTEMPT,Yes,No,No,1,2,27,4275,CLEVELAND AVE,,CLEVELAND,,,889715.69,1011875.0,1,November2014.dta
379672,20aug2014,2014,8,20,2100,August,2014,Other Offense,265321,LEAVING SCENE OF ACCIDENT,Yes,No,No,1,2,27,3673,RUSSELL AVE,,RUSSELL,,,893727.38,1012495.0,1,August2014.dta
381758,04sep2014,2014,9,4,725,September,2014,Larceny,64701,LARCENY-FROM MTR VEH UNDER $500,Yes,No,No,1,2,27,2163,S GRAND BLVD,,GRAND,JACK-IN-THE-BOX,,894231.88,1011658.0,1,September2014.dta
365086,08may2014,2014,5,8,1700,May,2014,Larceny,67701,LARCENY-FROM BUILDING UNDER $500,Yes,No,No,1,2,27,3815,MAGNOLIA AVE,,MAGNOLIA,MISSOURI SCHOOL FOR THE BLIND,SCHOOL,893093.81,1010375.0,1,May2014.dta
394784,07dec2014,2014,12,7,1,December,2014,Other Offense,265321,LEAVING SCENE OF ACCIDENT,Yes,No,No,1,2,27,4202,RUSSELL AVE,,RUSSELL,,,890475.88,1012688.0,1,December2014.dta
363526,28apr2014,2014,4,28,2025,April,2014,Aggravated Assault,41011,AGG.ASSAULT-FIREARM/CITIZEN ADULT 1ST DEGREE,Yes,No,No,1,2,27,4200,CASTLEMAN AVE,,,,,890527.38,1012989.0,1,April2014.dta
352064,24jan2014,2014,1,24,100,January,2014,Larceny,64701,LARCENY-FROM MTR VEH UNDER $500,Yes,No,No,1,2,27,,SHENANDOAH AVE,,SHENANDOAH,,,889764.5,1011347.0,1,January2014.dta
385409,30sep2014,2014,9,30,2100,September,2014,Larceny,65701,LARCENY-MTR VEH PARTS UNDER $500,Yes,No,No,1,2,27,4031,SHAW AVE,,SHAW,,,891899.88,1013362.0,1,September2014.dta
355713,06feb2014,2014,2,6,1226,February,2014,Frauds,115400,STLG BY DECEIT/IDENTITY THEFT REPORT,Yes,No,No,1,2,27,4129,CASTLEMAN AVE,,CASTLEMAN,,,891136.81,1013094.0,1,February2014.dta
396351,19dec2014,2014,12,19,1400,December,2014,Larceny,69702,LARCENY-ALL OTHER UNDER $500,Yes,No,No,1,2,27,3825,FLAD AVE,,FLAD,,,893321.88,1011763.0,1,December2014.dta
354152,15feb2014,2014,2,15,2300,February,2014,Motor Vehicle Theft,71030,AUTO THEFT-PERM RETNT/JOY RIDE,Yes,No,No,1,2,27,4268,FLAD AVE,,FLAD,,,889745.13,1012004.0,1,February2014.dta
356761,11mar2014,2014,3,11,1705,March,2014,Larceny,64701,LARCENY-FROM MTR VEH UNDER $500,Yes,No,No,1,2,27,4101,MAGNOLIA AVE,,MAGNOLIA,,,891047.63,1010514.0,1,March2014.dta
359366,06mar2014,2014,3,6,2000,March,2014,Burglary,51222,BURGLARY-RESIDENCE/NIT/UNLAW ENT/UNOCCUPIED,Yes,No,No,1,2,27,4141,MAGNOLIA AVE,,MAGNOLIA,,,890772.13,1010652.0,1,March2014.dta
382818,12sep2014,2014,9,12,309,September,2014,Other Assaults,91113,SIMPLE ASSAULT-ADULT/NO INJURY,Yes,No,No,1,2,27,4044,DETONTY ST,,DETONTY,,SINGLE FAMILY RESIDENCE,891777.81,1013543.0,1,September2014.dta
367711,29may2014,2014,5,29,2220,May,2014,Weapons,152200,WEAPONS-CITY VIOL/DISCHRGING IN CITY,Yes,No,No,1,2,27,0,CASTLEMAN AVE,,CASTLEMAN,,,890950.19,1013039.0,1,May2014.dta
353123,31dec2013,2013,12,31,400,January,2014,Larceny,67601,"LARCENY-FROM BUILDING $500 - $24,999",Yes,No,No,1,2,27,,CLEVELAND AVE,,CLEVELAND,,RESIDENCE,891467.38,1011656.0,1,January2014.dta
376568,31jul2014,2014,7,31,1730,July,2014,Criminal Damage,142320,DESTRUCTION OF PROPERTY-MALICIOUS/PRIV PROP,Yes,No,No,1,2,27,4121,SHENANDOAH AVE,,SHENANDOAH,,,891001.13,1011385.0,1,July2014.dta
379695,20aug2014,2014,8,20,2300,August,2014,Motor Vehicle Theft,73413,AUTO THEFT-OTHR VEH/PERM RETNT/UNRECOV OVER 48,Yes,No,No,1,2,27,4059,BOTANICAL AVE,,BOTANICAL,,,891317.81,1011026.0,1,August2014.dta
366671,21may2014,2014,5,21,259,May,2014,Other Offense,265321,LEAVING SCENE OF ACCIDENT,Yes,No,No,1,2,81,0,CENTER CROSS DR / MAGNOLIA AVE,,,TOWER GROVE PARK,,889406.38,1010623.0,1,May2014.dta
361461,12apr2014,2014,4,12,300,April,2014,Larceny,66701,LARCENY-BICYCLES UNDER $500,Yes,No,No,1,2,27,4054,RUSSELL BLVD,,RUSSELL,,,891785.38,1012656.0,1,April2014.dta
359898,12mar2014,2014,3,12,1943,April,2014,Other Offense,266999,PUBLIC ORDER-OTHR UNSPC PBLC ORDER VIOLATION,Yes,No,No,1,2,27,4236,SHAW AVE,,SHAW,,,890228.63,1013332.0,1,April2014.dta
353126,31dec2013,2013,12,31,800,January,2014,Motor Vehicle Theft,71013,AUTO THEFT-PERM RETNT/UNRECOV OVER 48HR,Yes,No,No,1,2,27,,FLAD AVE,,FLAD,,,891052.19,1011843.0,1,January2014.dta
366154,17may2014,2014,5,17,200,May,2014,Larceny,64601,"LARCENY-FROM MTR VEH $500 - $24,999",Yes,No,No,1,2,27,3617,RUSSELL AVE,,RUSSELL,,,894304.38,1012422.0,1,May2014.dta
353129,31dec2013,2013,12,31,930,January,2014,Larceny,69702,LARCENY-ALL OTHER UNDER $500,Yes,No,No,1,2,27,,BOTANICAL AVE,,BOTANICAL,,,890490.69,1011122.0,1,January2014.dta
390121,01nov2014,2014,11,1,2000,November,2014,Motor Vehicle Theft,71030,AUTO THEFT-PERM RETNT/JOY RIDE,Yes,No,No,1,2,27,3820,SHENANDOAH AVE,,SHENANDOAH,,,893246.19,1010941.0,1,November2014.dta
372929,03jul2014,2014,7,3,1630,July,2014,Larceny,64701,LARCENY-FROM MTR VEH UNDER $500,Yes,No,No,1,2,27,4205,FLORA PL,,FLORA,,,890452.0,1012530.0,1,July2014.dta
370325,16jun2014,2014,6,16,825,June,2014,Aggravated Assault,42016,ASSLT-AGGRV-KNIFE/CUT-3RD-ADULT-DOMESTIC,Yes,No,No,1,2,27,4157,SHAW AVE,,SHAW,,2W,890904.0,1013480.0,1,June2014.dta
365118,08may2014,2014,5,8,2130,May,2014,Other Offense,265321,LEAVING SCENE OF ACCIDENT,Yes,No,No,1,2,27,3908,FLAD AVE,,FLAD,,,892696.88,1011652.0,1,May2014.dta
378666,12aug2014,2014,8,12,2355,August,2014,Other Offense,265321,LEAVING SCENE OF ACCIDENT,Yes,No,No,1,2,27,4048,FLORA PL,,FLORA,,,891588.13,1012107.0,1,August2014.dta
375542,22jul2014,2014,7,22,2130,July,2014,Motor Vehicle Theft,71013,AUTO THEFT-PERM RETNT/UNRECOV OVER 48HR,Yes,No,No,1,2,27,3904,SHAW BLVD,,SHAW,,,893064.13,1013147.0,1,July2014.dta
364601,05may2014,2014,5,5,600,May,2014,Burglary,51312,BURGLARY-RESDNCE/UNK TIM/FORC ENT/UNOCCUPIED,Yes,No,No,1,2,27,3816,FLORA PL,,FLORA,,,893405.81,1011895.0,1,May2014.dta
378147,09aug2014,2014,8,9,941,August,2014,Other Offense,265321,LEAVING SCENE OF ACCIDENT,Yes,No,No,1,2,27,2355,THURMAN AVE,,MAGNOLIA,,,891071.31,1010689.0,1,August2014.dta
378149,09aug2014,2014,8,9,1000,August,2014,Larceny,65701,LARCENY-MTR VEH PARTS UNDER $500,Yes,No,No,1,2,27,3867,BOTANICAL AVE,,BOTANICAL,,,892789.31,1010856.0,1,August2014.dta
362521,20apr2014,2014,4,20,1900,April,2014,Disorderly Conduct,241100,DISORDERLY CONDUCT-PEACE DSTRB/INDIVIDUAL,Yes,No,No,1,2,27,3911,CASTLEMAN AVE,,CASTLEMAN,,APT 1,892819.31,1012904.0,1,April2014.dta
384404,23sep2014,2014,9,23,1336,September,2014,Criminal Damage,142320,DESTRUCTION OF PROPERTY-MALICIOUS/PRIV PROP,Yes,No,No,1,2,27,3955,SHAW BLVD,,SHAW,,,892634.13,1013192.0,1,September2014.dta
366169,17may2014,2014,5,17,900,May,2014,Larceny,69702,LARCENY-ALL OTHER UNDER $500,Yes,No,No,1,2,27,3617,RUSSELL AVE,,RUSSELL,,,894304.38,1012422.0,1,May2014.dta
373463,07jul2014,2014,7,7,1200,July,2014,Frauds,115400,STLG BY DECEIT/IDENTITY THEFT REPORT,Yes,No,No,1,2,27,3843,RUSSELL BLVD,,RUSSELL,,,893418.81,1012490.0,1,July2014.dta
350019,01jan2014,2014,1,1,2330,January,2014,Larceny,64711,LARCENY-FROM MTR VEH UNDER $500  /ATTEMPT,Yes,No,No,1,2,27,,MAGNOLIA AVE,,MAGNOLIA,,,890971.31,1010628.0,1,January2014.dta
368777,03jun2014,2014,6,3,2200,June,2014,Criminal Damage,142320,DESTRUCTION OF PROPERTY-MALICIOUS/PRIV PROP,Yes,No,No,1,2,27,4138,CASTLEMAN AVE,,CASTLEMAN,,,891005.88,1012934.0,1,June2014.dta
391701,15nov2014,2014,11,15,443,November,2014,Larceny,64711,LARCENY-FROM MTR VEH UNDER $500  /ATTEMPT,Yes,No,No,1,2,27,0,CASTLEMAN AVE / LAWRENCE ST,,,,,892241.63,1012897.0,1,November2014.dta
393266,27nov2014,2014,11,27,1800,November,2014,Motor Vehicle Theft,71013,AUTO THEFT-PERM RETNT/UNRECOV OVER 48HR,Yes,No,No,1,2,27,0,BOTANICAL AVE / THURMAN AVE,,BOTANICAL,,,891221.13,1010986.0,1,November2014.dta
392229,19nov2014,2014,11,19,1700,November,2014,Other Assaults,91114,"ASSAULT, ADULT, AGE 17 AND UP-DOMESTIC",Yes,No,No,1,2,27,3616,CASTLEMAN AVE,,CASTLEMAN,,,894307.5,1012548.0,1,November2014.dta
393272,27nov2014,2014,11,27,1900,November,2014,Larceny,65701,LARCENY-MTR VEH PARTS UNDER $500,Yes,No,No,1,2,27,4237,SHENANDOAH AVE,,SHENANDOAH,,,890024.63,1011501.0,1,November2014.dta
394319,03dec2014,2014,12,3,1310,December,2014,Other Offense,266999,PUBLIC ORDER-OTHR UNSPC PBLC ORDER VIOLATION,Yes,No,No,1,2,27,1905,S GRAND BLVD,,ARSENAL,,@ BUS STOP,894414.81,1012836.0,1,December2014.dta
362017,16apr2014,2014,4,16,1800,April,2014,Larceny,64711,LARCENY-FROM MTR VEH UNDER $500  /ATTEMPT,Yes,No,No,1,2,27,4053,BOTANICAL AVE,,BOTANICAL,,,891406.81,1011016.0,1,April2014.dta
392758,23nov2014,2014,11,23,2000,November,2014,Larceny,64601,"LARCENY-FROM MTR VEH $500 - $24,999",Yes,No,No,1,2,27,4200,SHAW AVE,,,,,890554.38,1013293.0,1,November2014.dta
379215,17aug2014,2014,8,17,1500,August,2014,Burglary,51322,BURGLARY-RESDNCE/UNK TIM/UNLW EN/UNOCCUPIED,Yes,No,No,1,2,27,4000,FLORA PL,,FLORA,,,892033.63,1012055.0,1,August2014.dta
385467,21jun2014,2014,6,21,800,October,2014,Frauds,115400,STLG BY DECEIT/IDENTITY THEFT REPORT,Yes,No,No,1,2,27,4052,DETONTY ST,,DETONTY,,,891706.38,1013552.0,1,October2014.dta
357856,20mar2014,2014,3,20,2014,March,2014,Larceny,64711,LARCENY-FROM MTR VEH UNDER $500  /ATTEMPT,Yes,No,No,1,2,27,3676,SHAW AVE,,SHAW,,,893787.5,1012909.0,1,March2014.dta
384427,23sep2014,2014,9,23,1730,September,2014,Larceny,65701,LARCENY-MTR VEH PARTS UNDER $500,Yes,No,No,1,2,27,4263,CASTLEMAN AVE,,CASTLEMAN,,,889961.63,1013221.0,1,September2014.dta
362025,16apr2014,2014,4,16,1900,April,2014,Larceny,67701,LARCENY-FROM BUILDING UNDER $500,Yes,No,No,1,2,27,2309,THURMAN AVE,,THURMAN,,,891156.0,1011183.0,1,April2014.dta
358380,25mar2014,2014,3,25,1550,March,2014,Disorderly Conduct,241100,DISORDERLY CONDUCT-PEACE DSTRB/INDIVIDUAL,Yes,No,No,1,2,27,4069,CLEVELAND AVE,,CLEVELAND,,,891318.38,1011673.0,1,March2014.dta
359424,07mar2014,2014,3,7,1400,March,2014,Larceny,67601,"LARCENY-FROM BUILDING $500 - $24,999",Yes,No,No,1,2,27,3822,FLAD AVE,,FLAD,,,893316.38,1011579.0,1,March2014.dta
354738,21feb2014,2014,2,21,1215,February,2014,Larceny,69702,LARCENY-ALL OTHER UNDER $500,Yes,No,No,1,2,27,4259,CASTLEMAN AVE,,CASTLEMAN,,,889986.63,1013218.0,1,February2014.dta
365161,09may2014,2014,5,9,800,May,2014,Other Offense,264100,HEALTH-SANITATION VIOL,Yes,No,No,1,2,27,4165,BOTANICAL AVE,,BOTANICAL,,,890543.13,1011116.0,1,May2014.dta
351618,19jan2014,2014,1,19,800,January,2014,Motor Vehicle Theft,71040,AUTO THEFT-PERM RETNT/ATTEMPT,Yes,No,No,1,2,27,,BOTANICAL AVE,,BOTANICAL,,,892013.31,1010945.0,1,January2014.dta
390173,02nov2014,2014,11,2,645,November,2014,Other Offense,265321,LEAVING SCENE OF ACCIDENT,Yes,No,No,1,2,27,2100,S 39TH ST,,SHAW,,,892989.31,1012529.0,1,November2014.dta
351622,19jan2014,2014,1,19,1130,January,2014,Motor Vehicle Theft,71013,AUTO THEFT-PERM RETNT/UNRECOV OVER 48HR,Yes,No,No,1,2,27,,CLEVELAND AVE,,CLEVELAND,,,891467.38,1011656.0,1,January2014.dta
394868,07dec2014,2014,12,7,1845,December,2014,Larceny,64711,LARCENY-FROM MTR VEH UNDER $500  /ATTEMPT,Yes,No,No,1,2,27,4049,RUSSELL AVE,,RUSSELL,,,891646.63,1012733.0,1,December2014.dta
374549,15jul2014,2014,7,15,1530,July,2014,Criminal Damage,142320,DESTRUCTION OF PROPERTY-MALICIOUS/PRIV PROP,Yes,No,No,1,2,27,3858,SHENANDOAH AVE,,SHENANDOAH,,,892902.88,1010982.0,1,July2014.dta
357357,16mar2014,2014,3,16,1823,March,2014,Arson,81000,ARSON-1ST DEGREE/SUCCESS,Yes,No,No,1,2,27,4171,RUSSELL BLVD,,RUSSELL,,2ND FLR,890827.88,1012757.0,1,March2014.dta
381323,31aug2014,2014,8,31,1000,September,2014,Larceny,65711,LARCENY-MTR VEH PARTS UNDER $500 /ATTEMPT,Yes,No,No,1,2,27,4145,MAGNOLIA AVE,,MAGNOLIA,,,890704.69,1010659.0,1,September2014.dta
393310,28nov2014,2014,11,28,751,November,2014,Motor Vehicle Theft,71013,AUTO THEFT-PERM RETNT/UNRECOV OVER 48HR,Yes,No,No,1,2,27,3918,FLORA PL,,,,,892641.5,1011985.0,1,November2014.dta
371949,28jun2014,2014,6,28,2015,June,2014,Other Assaults,91113,SIMPLE ASSAULT-ADULT/NO INJURY,Yes,No,No,1,2,27,4031,BOTANICAL AVE,,BOTANICAL,,,891604.19,1010993.0,1,June2014.dta
380807,30aug2014,2014,8,30,1643,August,2014,Other Assaults,91114,"ASSAULT, ADULT, AGE 17 AND UP-DOMESTIC",Yes,No,No,1,2,27,0,S 39TH ST / SHAW BLVD,,,,ON STREET,893064.13,1013147.0,1,August2014.dta
377683,05aug2014,2014,8,5,2130,August,2014,Other Assaults,91114,"ASSAULT, ADULT, AGE 17 AND UP-DOMESTIC",Yes,No,No,1,2,27,3843,BOTANICAL AVE,,BOTANICAL,,,893034.81,1010827.0,1,August2014.dta
390187,02nov2014,2014,11,2,1200,November,2014,Other Offense,266510,PUBLIC ORDER-TRESPASSING,Yes,No,No,1,2,27,2349,S 39TH ST,,39TH,,VACANT RESIDENCE,892762.88,1010662.0,1,November2014.dta
356322,26feb2014,2014,2,26,1000,March,2014,Larceny,69702,LARCENY-ALL OTHER UNDER $500,Yes,No,No,1,2,27,3908,SHAW AVE,,SHAW,,,892873.63,1013020.0,1,March2014.dta
390709,06nov2014,2014,11,6,1730,November,2014,Larceny,64701,LARCENY-FROM MTR VEH UNDER $500,Yes,No,No,1,2,27,4111,FLORA PL,,FLORA,,,891221.31,1012441.0,1,November2014.dta
397483,29dec2014,2014,12,29,715,December,2014,Motor Vehicle Theft,71030,AUTO THEFT-PERM RETNT/JOY RIDE,Yes,No,No,1,2,27,4162,FLAD AVE,,FLAD,,,890632.13,1011892.0,1,December2014.dta
365702,13may2014,2014,5,13,1200,May,2014,Larceny,69702,LARCENY-ALL OTHER UNDER $500,Yes,No,No,1,2,27,5,SHAW PL,,SHAW,,,893878.81,1013234.0,1,May2014.dta
369870,12jun2014,2014,6,12,2200,June,2014,Larceny,65701,LARCENY-MTR VEH PARTS UNDER $500,Yes,No,No,1,2,27,4200,RUSSELL BLVD,,RUSSELL,,,890575.5,1012783.0,1,June2014.dta
378729,13aug2014,2014,8,13,1600,August,2014,Larceny,69602,"LARCENY-ALL OTHER $500 - $24,999",Yes,No,No,1,2,27,3858,SHENANDOAH AVE,,SHENANDOAH,,STREET,892902.88,1010982.0,1,August2014.dta
358410,25mar2014,2014,3,25,2000,March,2014,Larceny,64701,LARCENY-FROM MTR VEH UNDER $500,Yes,No,No,1,2,27,4117,MAGNOLIA AVE,,MAGNOLIA,,,890971.31,1010628.0,1,March2014.dta
370399,16jun2014,2014,6,16,2100,June,2014,Criminal Damage,142320,DESTRUCTION OF PROPERTY-MALICIOUS/PRIV PROP,Yes,No,No,1,2,27,4200,SHAW AVE,,SHAW,REGAL FOODS,,890554.38,1013293.0,1,June2014.dta
382383,08sep2014,2014,9,8,1900,September,2014,Motor Vehicle Theft,71013,AUTO THEFT-PERM RETNT/UNRECOV OVER 48HR,Yes,No,No,1,2,27,4011,MAGNOLIA AVE,,MAGNOLIA,,,891754.81,1010403.0,1,September2014.dta
351645,19jan2014,2014,1,19,1515,January,2014,Criminal Damage,142320,DESTRUCTION OF PROPERTY-MALICIOUS/PRIV PROP,Yes,No,No,1,2,27,,SHENANDOAH AVE,,SHENANDOAH,,,892390.38,1011225.0,1,January2014.dta
394370,03dec2014,2014,12,3,1920,December,2014,Burglary,51230,BURGLARY-RESIDENCE/NIT/ATT FORCE ENTRY,Yes,No,No,1,2,27,3822,FLAD AVE,,FLAD,,,893316.38,1011579.0,1,December2014.dta
351648,19jan2014,2014,1,19,1605,January,2014,Robbery,31421,ROBBERY-HIGHWAY  /STRNGARM/NO INJ/SUCCESS,Yes,No,No,1,2,27,,S GRAND BLVD,,GRAND,,,894376.13,1012268.0,1,January2014.dta
373009,04jul2014,2014,7,4,940,July,2014,Burglary,51122,BURGLARY-RESIDENCE/DAY/UNLAW ENT/UNOCCUPIED,Yes,No,No,1,2,27,4201,FLAD AVE,,FLAD,,,890422.69,1012102.0,1,July2014.dta
370925,20jun2014,2014,6,20,1515,June,2014,Motor Vehicle Theft,73313,AUTO THEFT-MTRCYCLE/PERM RETNT/UNRECOV OVER 48,Yes,No,No,1,2,27,4147,BOTANICAL AVE,,BOTANICAL,,,890702.88,1011097.0,1,June2014.dta
357901,20mar2014,2014,3,20,830,March,2014,Other Assaults,91114,"ASSAULT, ADULT, AGE 17 AND UP-DOMESTIC",Yes,No,No,1,2,27,3923,SHAW AVE,,SHAW,,,892742.88,1013263.0,1,March2014.dta
386035,03oct2014,2014,10,3,1500,October,2014,Larceny,67701,LARCENY-FROM BUILDING UNDER $500,Yes,No,No,1,2,27,4053,CLEVELAND AVE,,CLEVELAND,,1ST FLR,891467.38,1011656.0,1,October2014.dta
391766,15nov2014,2014,11,15,1700,November,2014,Burglary,51312,BURGLARY-RESDNCE/UNK TIM/FORC ENT/UNOCCUPIED,Yes,No,No,1,2,27,4176,FLORA PL,,FLORA,,,890545.0,1012229.0,1,November2014.dta
393851,20nov2014,2014,11,20,800,December,2014,Criminal Damage,142320,DESTRUCTION OF PROPERTY-MALICIOUS/PRIV PROP,Yes,No,No,1,2,27,3648,RUSSELL AVE,,RUSSELL,,,893943.13,1012281.0,1,December2014.dta
396456,20dec2014,2014,12,20,200,December,2014,Larceny,65601,"LARCENY-MTR VEH PARTS $500 - $24,999",Yes,No,No,1,2,27,2357,KLEMM ST,,KLEMM,,,890213.88,1010778.0,1,December2014.dta
361550,12apr2014,2014,4,12,2030,April,2014,Larceny,65701,LARCENY-MTR VEH PARTS UNDER $500,Yes,No,No,1,2,27,4200,RUSSELL AVE,,RUSSELL,,,890499.19,1012685.0,1,April2014.dta
351131,14jan2014,2014,1,14,1400,January,2014,Burglary,51322,BURGLARY-RESDNCE/UNK TIM/UNLW EN/UNOCCUPIED,Yes,No,No,1,2,27,,KLEMM ST,,KLEMM,,1ST FLOOR,890407.13,1010779.0,1,January2014.dta
358947,03mar2014,2014,3,3,830,March,2014,Larceny,64711,LARCENY-FROM MTR VEH UNDER $500  /ATTEMPT,Yes,No,No,1,2,27,4133,MAGNOLIA AVE,,MAGNOLIA,,,890772.13,1010652.0,1,March2014.dta
374057,11jul2014,2014,7,11,1900,July,2014,Criminal Damage,142320,DESTRUCTION OF PROPERTY-MALICIOUS/PRIV PROP,Yes,No,No,1,2,27,3858,RUSSELL AVE,,RUSSELL,,,893052.63,1012390.0,1,July2014.dta
359470,07mar2014,2014,3,7,2025,March,2014,Other Assaults,91114,"ASSAULT, ADULT, AGE 17 AND UP-DOMESTIC",Yes,No,No,1,2,27,3820,SHENANDOAH AVE,,SHENANDOAH,,,893246.19,1010941.0,1,March2014.dta
381352,01sep2009,2009,9,1,721,September,2014,Frauds,115400,STLG BY DECEIT/IDENTITY THEFT REPORT,Yes,No,No,1,2,27,3864,RUSSELL AVE,,RUSSELL,,,893002.0,1012396.0,1,September2014.dta
352176,25jan2013,2013,1,25,100,January,2014,Larceny,64601,"LARCENY-FROM MTR VEH $500 - $24,999",Yes,No,No,1,2,27,,SHAW AVE,,PENNSYLVANIA,,,892937.0,1013013.0,1,January2014.dta
369369,08jun2014,2014,6,8,1741,June,2014,Narcotics,182999,DRUGS-POSSESSION/OTHR UNSPEC DRUG,Yes,No,No,1,2,27,4101,SHAW AVE,,SHAW,,,891412.63,1013375.0,1,June2014.dta
359471,07mar2014,2014,3,7,2025,March,2014,Other Offense,266999,PUBLIC ORDER-OTHR UNSPC PBLC ORDER VIOLATION,Yes,No,No,1,2,27,3820,SHENANDOAH AVE,,SHENANDOAH,,,893246.19,1010941.0,1,March2014.dta
352177,25jan2014,2014,1,25,30,January,2014,Larceny,64701,LARCENY-FROM MTR VEH UNDER $500,Yes,No,No,1,2,27,,CLEVELAND AVE,,CLEVELAND,,,891486.81,1011470.0,1,January2014.dta
373539,07jul2014,2014,7,7,2057,July,2014,Other Assaults,91114,"ASSAULT, ADULT, AGE 17 AND UP-DOMESTIC",Yes,No,No,1,2,27,3626,FLAD AVE,,FLAD,,,894063.13,1011491.0,1,July2014.dta
376666,01jun2008,2008,6,1,800,August,2014,Frauds,115400,STLG BY DECEIT/IDENTITY THEFT REPORT,Yes,No,No,1,2,27,3954,SHAW AVE,,SHAW,,,892451.38,1013068.0,1,August2014.dta
391775,15nov2014,2014,11,15,1800,November,2014,Larceny,64701,LARCENY-FROM MTR VEH UNDER $500,Yes,No,No,1,2,27,4141,MAGNOLIA AVE,,MAGNOLIA,,@ REAR,890772.13,1010652.0,1,November2014.dta
379795,21aug2014,2014,8,21,2300,August,2014,Motor Vehicle Theft,71030,AUTO THEFT-PERM RETNT/JOY RIDE,Yes,No,No,1,2,27,4129,CASTLEMAN AVE,,CASTLEMAN,,,891136.81,1013094.0,1,August2014.dta
351661,19jan2014,2014,1,19,1900,January,2014,Motor Vehicle Theft,71030,AUTO THEFT-PERM RETNT/JOY RIDE,Yes,No,No,1,2,27,,SHAW AVE,,SHAW,,,891910.88,1013135.0,1,January2014.dta
383443,16sep2014,2014,9,16,2200,September,2014,Motor Vehicle Theft,71013,AUTO THEFT-PERM RETNT/UNRECOV OVER 48HR,Yes,No,No,1,2,27,4134,BOTANICAL AVE,,BOTANICAL,,,890794.31,1010903.0,1,September2014.dta
369377,08jun2014,2014,6,8,1900,June,2014,Larceny,64701,LARCENY-FROM MTR VEH UNDER $500,Yes,No,No,1,2,27,4163,RUSSELL BLVD,,RUSSELL,,,890579.63,1012783.0,1,June2014.dta
359479,07mar2014,2014,3,7,2115,March,2014,Disorderly Conduct,241100,DISORDERLY CONDUCT-PEACE DSTRB/INDIVIDUAL,Yes,No,No,1,2,27,4065,SHAW AVE,,SHAW,SASHA S BAR,SASHA S BAR,891544.31,1013366.0,1,March2014.dta
376152,27jul2014,2014,7,27,1842,July,2014,Aggravated Assault,43026,ASSLT-AGGRAV-OTH-WPN-3RD-CHILD-DOMESTIC,Yes,No,No,1,2,27,4147,FLAD AVE,,FLAD,,,890829.0,1012054.0,1,July2014.dta
387614,14oct2014,2014,10,14,2200,October,2014,Criminal Damage,142320,DESTRUCTION OF PROPERTY-MALICIOUS/PRIV PROP,Yes,No,No,1,2,27,4043,RUSSELL BLVD,,RUSSELL,,,892205.88,1012611.0,1,October2014.dta
376154,27jul2014,2014,7,27,1842,July,2014,Other Assaults,91114,"ASSAULT, ADULT, AGE 17 AND UP-DOMESTIC",Yes,No,No,1,2,27,4147,FLAD AVE,,FLAD,,,890829.0,1012054.0,1,July2014.dta
369381,08jun2014,2014,6,8,2000,June,2014,Larceny,64701,LARCENY-FROM MTR VEH UNDER $500,Yes,No,No,1,2,27,3680,DE TONTY ST,,DE TONTY,,,894126.13,1013384.0,1,June2014.dta
375633,23jul2014,2014,7,23,1700,July,2014,Motor Vehicle Theft,73413,AUTO THEFT-OTHR VEH/PERM RETNT/UNRECOV OVER 48,Yes,No,No,1,2,27,3831,FLAD AVE,,FLAD,,,893240.0,1011773.0,1,July2014.dta
369385,08jun2014,2014,6,8,2100,June,2014,Larceny,64711,LARCENY-FROM MTR VEH UNDER $500  /ATTEMPT,Yes,No,No,1,2,27,4050,DETONTY ST,,DETONTY,,,891744.31,1013547.0,1,June2014.dta
371470,24jun2014,2014,6,24,1936,June,2014,Criminal Damage,142320,DESTRUCTION OF PROPERTY-MALICIOUS/PRIV PROP,Yes,No,No,1,2,27,4153,SHAW AVE,,SHAW,,,890953.81,1013474.0,1,June2014.dta
385017,27sep2014,2014,9,27,1900,September,2014,Larceny,65701,LARCENY-MTR VEH PARTS UNDER $500,Yes,No,No,1,2,27,0,S 39TH ST / SHENANDOAH AVE,,,,,892819.69,1011131.0,1,September2014.dta
350633,10jan2014,2014,1,10,730,January,2014,Burglary,51122,BURGLARY-RESIDENCE/DAY/UNLAW ENT/UNOCCUPIED,Yes,No,No,1,2,27,,BOTANICAL AVE,,BOTANICAL,,,893201.81,1010618.0,1,January2014.dta
397524,29dec2014,2014,12,29,1348,December,2014,Motor Vehicle Theft,71013,AUTO THEFT-PERM RETNT/UNRECOV OVER 48HR,Yes,No,No,1,2,27,4215,BOTANICAL AVE,,BOTANICAL,,,890171.88,1011160.0,1,December2014.dta
389189,27oct2014,2014,10,27,1615,October,2014,Larceny,69703,LARCENY-ALL OTH/FRM PRSN/UNDER $500,Yes,No,No,1,2,27,1755,S GRAND BLVD,,GRAND,,@CARE UNIT HOSPITAL,894360.38,1013140.0,1,October2014.dta
397005,24dec2014,2014,12,24,1512,December,2014,Larceny,69702,LARCENY-ALL OTHER UNDER $500,Yes,No,No,1,2,27,3829,RUSSELL AVE,,RUSSELL,,,893378.81,1012540.0,1,December2014.dta
363140,25apr2014,2014,4,25,1830,April,2014,Burglary,51222,BURGLARY-RESIDENCE/NIT/UNLAW ENT/UNOCCUPIED,Yes,No,No,1,2,27,4212,FLORA PL,,FLORA,,,890333.19,1012255.0,1,April2014.dta
350116,03jan2014,2014,1,3,835,January,2014,Criminal Damage,142320,DESTRUCTION OF PROPERTY-MALICIOUS/PRIV PROP,Yes,No,No,1,2,27,,RUSSELL BLVD,,RUSSELL,,,891785.38,1012656.0,1,January2014.dta
374606,16jul2014,2014,7,16,15,July,2014,Other Assaults,91123,SIMPLE ASSAULT-CHILD/NO INJURY,Yes,No,No,1,2,27,0,FLAD AVE / LAWRENCE ST,,,,,892109.38,1011839.0,1,July2014.dta
369397,08jun2014,2014,6,8,2200,June,2014,Larceny,64601,"LARCENY-FROM MTR VEH $500 - $24,999",Yes,No,No,1,2,27,3644,CASTLEMAN AVE,,CASTLEMAN,,,894034.38,1012579.0,1,June2014.dta
387633,15oct2014,2014,10,15,115,October,2014,Criminal Damage,142320,DESTRUCTION OF PROPERTY-MALICIOUS/PRIV PROP,Yes,No,No,1,2,27,4220,RUSSELL BLVD,,RUSSELL,,,890579.63,1012783.0,1,October2014.dta
390760,07nov2014,2014,11,7,100,November,2014,Aggravated Assault,41013,AGG.ASSAULT-FIREARM/CITIZEN ADULT 3RD DEGREE,Yes,No,No,1,2,27,4056,DETONTY ST,,NOTTINGHAM,,,891664.81,1013557.0,1,November2014.dta
363148,25apr2014,2014,4,25,1946,April,2014,Other Offense,265321,LEAVING SCENE OF ACCIDENT,Yes,No,No,1,2,27,2101,TOWER GROVE AVE,,TOWER GROVE,,,889770.19,1012869.0,1,April2014.dta
393888,24nov2014,2014,11,24,2159,December,2014,Aggravated Assault,43203,AGG.ASSAULT-OTH DANG WEP/POL OFFC 3RD DEGREE,Yes,No,No,1,2,27,1755,S GRAND BLVD,,GRAND,,,894360.38,1013140.0,1,December2014.dta
387636,15oct2014,2014,10,15,200,October,2014,Criminal Damage,142320,DESTRUCTION OF PROPERTY-MALICIOUS/PRIV PROP,Yes,No,No,1,2,27,4130,RUSSELL AVE,,RUSSELL,,@ REAR,891050.31,1012621.0,1,October2014.dta
356897,12mar2014,2014,3,12,2245,March,2014,Larceny,65701,LARCENY-MTR VEH PARTS UNDER $500,Yes,No,No,1,2,27,4163,MAGNOLIA AVE,,,,,890533.31,1010689.0,1,March2014.dta
390762,07nov2014,2014,11,7,100,November,2014,Aggravated Assault,41013,AGG.ASSAULT-FIREARM/CITIZEN ADULT 3RD DEGREE,Yes,No,No,1,2,27,4056,DETONTY ST,,NOTTINGHAM,,,891664.81,1013557.0,1,November2014.dta
393889,24nov2014,2014,11,24,2159,December,2014,Aggravated Assault,43203,AGG.ASSAULT-OTH DANG WEP/POL OFFC 3RD DEGREE,Yes,No,No,1,2,27,1755,S GRAND BLVD,,GRAND,,,894360.38,1013140.0,1,December2014.dta
390763,07nov2014,2014,11,7,100,November,2014,Aggravated Assault,41013,AGG.ASSAULT-FIREARM/CITIZEN ADULT 3RD DEGREE,Yes,No,No,1,2,27,4056,DETONTY ST,,NOTTINGHAM,,,891664.81,1013557.0,1,November2014.dta
355336,27feb2014,2014,2,27,2100,February,2014,Larceny,64711,LARCENY-FROM MTR VEH UNDER $500  /ATTEMPT,Yes,No,No,1,2,27,3634,BOTANICAL AVE,,BOTANICAL,,APT A,893814.88,1010547.0,1,February2014.dta
393890,24nov2014,2014,11,24,2159,December,2014,Aggravated Assault,43203,AGG.ASSAULT-OTH DANG WEP/POL OFFC 3RD DEGREE,Yes,No,No,1,2,27,1755,S GRAND BLVD,,GRAND,,,894360.38,1013140.0,1,December2014.dta
382428,09sep2014,2014,9,9,800,September,2014,Other Offense,266999,PUBLIC ORDER-OTHR UNSPC PBLC ORDER VIOLATION,Yes,No,No,1,2,27,2312,TOWER GROVE AVE,,TOWER GROVE,,ON STREET,889629.31,1011301.0,1,September2014.dta
393891,24nov2014,2014,11,24,2159,December,2014,Aggravated Assault,43203,AGG.ASSAULT-OTH DANG WEP/POL OFFC 3RD DEGREE,Yes,No,No,1,2,27,1755,S GRAND BLVD,,GRAND,,,894360.38,1013140.0,1,December2014.dta
384513,24sep2014,2014,9,24,300,September,2014,Larceny,64601,"LARCENY-FROM MTR VEH $500 - $24,999",Yes,No,No,1,2,27,4222,SHAW AVE,,SHAW,,1ST FLR,890365.81,1013316.0,1,September2014.dta
393892,24nov2014,2014,11,24,2159,December,2014,Aggravated Assault,43203,AGG.ASSAULT-OTH DANG WEP/POL OFFC 3RD DEGREE,Yes,No,No,1,2,27,1755,S GRAND BLVD,,GRAND,,,894360.38,1013140.0,1,December2014.dta
377220,02aug2014,2014,8,2,1800,August,2014,Larceny,64701,LARCENY-FROM MTR VEH UNDER $500,Yes,No,No,1,2,27,3654,CASTLEMAN AVE,,CASTLEMAN,,,893939.63,1012589.0,1,August2014.dta
393893,24nov2014,2014,11,24,2159,December,2014,Aggravated Assault,43203,AGG.ASSAULT-OTH DANG WEP/POL OFFC 3RD DEGREE,Yes,No,No,1,2,27,1755,S GRAND BLVD,,GRAND,,,894360.38,1013140.0,1,December2014.dta
393894,24nov2014,2014,11,24,2159,December,2014,Aggravated Assault,43203,AGG.ASSAULT-OTH DANG WEP/POL OFFC 3RD DEGREE,Yes,No,No,1,2,27,1755,S GRAND BLVD,,GRAND,,,894360.38,1013140.0,1,December2014.dta
372013,29jun2014,2014,6,29,1115,June,2014,Larceny,67701,LARCENY-FROM BUILDING UNDER $500,Yes,No,No,1,2,27,3854,FLAD AVE,,FLAD,SAINT MARGARET OF SCOTLAND CHURCH,,892950.13,1011623.0,1,June2014.dta
373577,08jul2014,2014,7,8,800,July,2014,Burglary,51312,BURGLARY-RESDNCE/UNK TIM/FORC ENT/UNOCCUPIED,Yes,No,No,1,2,27,2160,TOWER GROVE AVE,,TOWER GROVE,,,889743.13,1012232.0,1,July2014.dta
366283,18may2014,2014,5,18,135,May,2014,Other Offense,265321,LEAVING SCENE OF ACCIDENT,Yes,No,No,1,2,81,0,LAWRENCE ST / MAGNOLIA AVE,,,,,891922.31,1010342.0,1,May2014.dta
357947,21mar2014,2014,3,21,1545,March,2014,Disorderly Conduct,241100,DISORDERLY CONDUCT-PEACE DSTRB/INDIVIDUAL,Yes,No,No,1,2,27,3958,DETONTY ST,,DETONTY,,,892421.38,1013468.0,1,March2014.dta
391813,15nov2014,2014,11,15,2230,November,2014,Other Offense,265321,LEAVING SCENE OF ACCIDENT,Yes,No,No,1,2,27,4155,MAGNOLIA AVE,,MAGNOLIA,,,890533.31,1010689.0,1,November2014.dta
390776,07nov2014,2014,11,7,800,November,2014,Frauds,115400,STLG BY DECEIT/IDENTITY THEFT REPORT,Yes,No,No,1,2,27,4243,CLEVELAND AVE,,CLEVELAND,,,889989.31,1011827.0,1,November2014.dta
365768,13may2014,2014,5,13,2345,May,2014,Larceny,64601,"LARCENY-FROM MTR VEH $500 - $24,999",Yes,No,No,1,2,27,4250,FLAD AVE,,FLAD,,,889901.88,1011979.0,1,May2014.dta
367332,26may2014,2014,5,26,1529,May,2014,Larceny,65601,"LARCENY-MTR VEH PARTS $500 - $24,999",Yes,No,No,1,2,27,3846,DE TONTY ST,,DE TONTY,,,893499.38,1013441.0,1,May2014.dta
354310,17feb2014,2014,2,17,2100,February,2014,Larceny,65701,LARCENY-MTR VEH PARTS UNDER $500,Yes,No,No,1,2,27,4218,SHAW AVE,,SHAW,,,890402.31,1013311.0,1,February2014.dta
351707,20jan2014,2014,1,20,800,January,2014,Criminal Damage,142320,DESTRUCTION OF PROPERTY-MALICIOUS/PRIV PROP,Yes,No,No,1,2,27,,BOTANICAL AVE,,BOTANICAL,,,892569.88,1010835.0,1,January2014.dta
394951,08dec2014,2014,12,8,30,December,2014,Larceny,64701,LARCENY-FROM MTR VEH UNDER $500,Yes,No,No,1,2,27,4161,SHAW BLVD,,SHAW,,,890650.81,1013403.0,1,December2014.dta
369423,09jun2014,2014,6,9,130,June,2014,Larceny,64711,LARCENY-FROM MTR VEH UNDER $500  /ATTEMPT,Yes,No,No,1,2,27,4066,DETONTY ST,,DETONTY,,,891583.38,1013566.0,1,June2014.dta
352231,25jan2014,2014,1,25,1530,January,2014,Burglary,51312,BURGLARY-RESDNCE/UNK TIM/FORC ENT/UNOCCUPIED,Yes,No,No,1,2,27,,TOWER GROVE AVE,,TOWER GROVE,,,889844.69,1013013.0,1,January2014.dta
365777,14may2014,2014,5,14,100,May,2014,Larceny,66701,LARCENY-BICYCLES UNDER $500,Yes,No,No,1,2,27,3951,SHAW AVE,,SHAW,,,892475.88,1013295.0,1,May2014.dta
384536,24sep2014,2014,9,24,1035,September,2014,Burglary,51130,BURGLARY-RESIDENCE/DAY/ATT FORCE ENTRY,Yes,No,No,1,2,27,3846,DETONTY ST,,DETONTY,,DOWNSTAIRS/LEFT DOOR,893287.19,1013368.0,1,September2014.dta
375158,20jul2014,2014,7,20,1,July,2014,Larceny,67701,LARCENY-FROM BUILDING UNDER $500,Yes,No,No,1,2,27,4029,BOTANICAL AVE,,BOTANICAL,,APT A,891991.88,1010900.0,1,July2014.dta
358486,26mar2014,2014,3,26,1600,March,2014,Burglary,51322,BURGLARY-RESDNCE/UNK TIM/UNLW EN/UNOCCUPIED,Yes,No,No,1,2,27,3933,FLORA PL,,FLORA,,,892523.13,1012290.0,1,March2014.dta
397562,29dec2014,2014,12,29,1845,December,2014,Larceny,64701,LARCENY-FROM MTR VEH UNDER $500,Yes,No,No,1,2,27,0,DE TONTY ST / TOWER GROVE AVE,,,,,889917.0,1013871.0,1,December2014.dta
372040,29jun2014,2014,6,29,1700,June,2014,Motor Vehicle Theft,71013,AUTO THEFT-PERM RETNT/UNRECOV OVER 48HR,Yes,No,No,1,2,27,4023,MAGNOLIA PL,,MAGNOLIA,,,891674.0,1010672.0,1,June2014.dta
388713,23oct2014,2014,10,23,2130,October,2014,Criminal Damage,142320,DESTRUCTION OF PROPERTY-MALICIOUS/PRIV PROP,Yes,No,No,1,2,81,0,KLEMM ST / MAGNOLIA AVE,,MAGNOLIA,,,890318.81,1010521.0,1,October2014.dta
370999,21jun2014,2014,6,21,300,June,2014,Other Offense,266999,PUBLIC ORDER-OTHR UNSPC PBLC ORDER VIOLATION,Yes,No,No,1,2,27,4056,CLEVELAND AVE,,CLEVELAND,,,891430.31,1011476.0,1,June2014.dta
389234,27oct2014,2014,10,27,2200,October,2014,Larceny,65701,LARCENY-MTR VEH PARTS UNDER $500,Yes,No,No,1,2,27,4149,SHENANDOAH AVE,,SHENANDOAH,,,890738.38,1011416.0,1,October2014.dta
371000,21jun2014,2014,6,21,300,June,2014,Criminal Damage,142320,DESTRUCTION OF PROPERTY-MALICIOUS/PRIV PROP,Yes,No,No,1,2,27,4056,CLEVELAND AVE,,CLEVELAND,,IN FRONT OF THE RESIDENCE,891430.31,1011476.0,1,June2014.dta
364748,06may2014,2014,5,6,1030,May,2014,Burglary,51111,BURGLARY-RESIDENCE/DAY/FORCE ENT/OCCUPIED,Yes,No,No,1,2,27,3851,SHAW AVE,,SHAW,,,893235.31,1013205.0,1,May2014.dta
381942,05sep2014,2014,9,5,1442,September,2014,Frauds,115400,STLG BY DECEIT/IDENTITY THEFT REPORT,Yes,No,No,1,2,27,4236,CASTLEMAN AVE,,CASTLEMAN,,,890174.38,1013031.0,1,September2014.dta
353811,12feb2014,2014,2,12,1800,February,2014,Aggravated Assault,43026,ASSLT-AGGRAV-OTH-WPN-3RD-CHILD-DOMESTIC,Yes,No,No,1,2,27,4137,RUSSELL AVE,,RUSSELL,,,891013.13,1012806.0,1,February2014.dta
355374,28feb2014,2014,2,28,100,February,2014,Larceny,64711,LARCENY-FROM MTR VEH UNDER $500  /ATTEMPT,Yes,No,No,1,2,27,3804,SHENANDOAH AVE,,SHENANDOAH,,,893396.38,1010923.0,1,February2014.dta
392365,20nov2014,2014,11,20,1840,November,2014,Robbery,31112,ROBBERY-HIGHWAY     /FIREARM USED/ATTEMPT,Yes,No,No,1,2,27,4065,SHAW AVE,,SHAW,,,891544.31,1013366.0,1,November2014.dta
365795,14may2014,2014,5,14,700,May,2014,Burglary,51112,BURGLARY-RESIDENCE/DAY/FORCE ENT/UNOCCUPIED,Yes,No,No,1,2,27,4161,MAGNOLIA AVE,,MAGNOLIA,,,890533.31,1010689.0,1,May2014.dta
351729,20jan2014,2014,1,20,1230,January,2014,Criminal Damage,142320,DESTRUCTION OF PROPERTY-MALICIOUS/PRIV PROP,Yes,No,No,1,2,27,,S GRAND BLVD,,GRAND,,ST LOUIS UNIVERSITY CARE UNIT HOSPIT,894360.38,1013140.0,1,January2014.dta
362151,17apr2014,2014,4,17,2100,April,2014,Larceny,64711,LARCENY-FROM MTR VEH UNDER $500  /ATTEMPT,Yes,No,No,1,2,27,3952,BOTANICAL AVE,,BOTANICAL,,,892157.88,1010743.0,1,April2014.dta
393932,27nov2014,2014,11,27,1128,December,2014,Burglary,51322,BURGLARY-RESDNCE/UNK TIM/UNLW EN/UNOCCUPIED,Yes,No,No,1,2,27,4028,BOTANICAL AVE,,BOTANICAL,,,891620.38,1010807.0,1,December2014.dta
385601,25sep2014,2014,9,25,714,October,2014,Other Offense,266999,PUBLIC ORDER-OTHR UNSPC PBLC ORDER VIOLATION,Yes,No,No,1,2,27,4147,FLAD AVE,,FLAD,,,890829.0,1012054.0,1,October2014.dta
393940,27nov2014,2014,11,27,2230,December,2014,Motor Vehicle Theft,71013,AUTO THEFT-PERM RETNT/UNRECOV OVER 48HR,Yes,No,No,1,2,27,1919,S GRAND BLVD,,GRAND,,,894398.13,1012718.0,1,December2014.dta
371018,21jun2014,2014,6,21,900,June,2014,Larceny,65701,LARCENY-MTR VEH PARTS UNDER $500,Yes,No,No,1,2,27,3924,DETONTY ST,,DETONTY,,,892771.0,1013427.0,1,June2014.dta
354346,18feb2014,2014,2,18,1145,February,2014,Other Offense,266400,PUBLIC ORDER-ANIMAL VIOLATION,Yes,No,No,1,2,27,4174,SHAW AVE,,SHAW,,,890685.31,1013278.0,1,February2014.dta
393943,27nov2014,2014,11,27,2345,December,2014,Larceny,65701,LARCENY-MTR VEH PARTS UNDER $500,Yes,No,No,1,2,27,3646,RUSSELL AVE,,RUSSELL,,,893966.81,1012279.0,1,December2014.dta
376229,28jul2014,2014,7,28,1303,July,2014,Larceny,64701,LARCENY-FROM MTR VEH UNDER $500,Yes,No,No,1,2,27,3929,MAGNOLIA AVE,,MAGNOLIA,REAR PARKING LOT,APT #6,892356.88,1010465.0,1,July2014.dta
386650,08oct2014,2014,10,8,100,October,2014,Motor Vehicle Theft,72113,AUTO THEFT-TRUCK/PERM RETNT/UNRECOV OVER 48HR,Yes,No,No,1,2,27,0,CASTLEMAN AVE / S SPRING AVE,,RUSSELL,,,893772.19,1012728.0,1,October2014.dta
365289,10may2014,2014,5,10,30,May,2014,Motor Vehicle Theft,71040,AUTO THEFT-PERM RETNT/ATTEMPT,Yes,No,No,1,2,27,2353,S 39TH ST,,39TH,,,892781.13,1010812.0,1,May2014.dta
389776,08oct2014,2014,10,8,1928,November,2014,Homicide,10000,HOMICIDE,Yes,No,No,1,2,27,4178,SHAW BLVD,,SHAW,,,890650.81,1013403.0,1,November2014.dta
389777,08oct2014,2014,10,8,1928,November,2014,Aggravated Assault,41201,AGG.ASSAULT-FIREARM/POLC.OFFICER  1ST DEGREE,Yes,No,No,1,2,27,4178,SHAW BLVD,,SHAW,,,890650.81,1013403.0,1,November2014.dta
353829,12feb2014,2014,2,12,2116,February,2014,Weapons,151110,WEAPONS-STATE VIOL/UNLWFL USE/POSSESSION,Yes,No,No,1,2,27,4233,SHENANDOAH AVE,,SHENANDOAH,,,890048.63,1011498.0,1,February2014.dta
396030,16dec2014,2014,12,16,1800,December,2014,Larceny,64601,"LARCENY-FROM MTR VEH $500 - $24,999",Yes,No,No,1,2,27,4228,CLEVELAND AVE,,CLEVELAND,,,890453.88,1011692.0,1,December2014.dta
397593,29dec2014,2014,12,29,2300,December,2014,Motor Vehicle Theft,72130,AUTO THEFT-TRUCK/PERM RETNT/JOY RIDE,Yes,No,No,1,2,27,4060,CASTLEMAN AVE,,CASTLEMAN,,,891524.69,1012875.0,1,December2014.dta
362686,22apr2014,2014,4,22,815,April,2014,Burglary,51322,BURGLARY-RESDNCE/UNK TIM/UNLW EN/UNOCCUPIED,Yes,No,No,1,2,27,4123,SHAW BLVD,,SHAW,,,891324.19,1013331.0,1,April2014.dta
354874,22feb2014,2014,2,22,1659,February,2014,Other Offense,265321,LEAVING SCENE OF ACCIDENT,Yes,No,No,1,2,27,3637,SHENANDOAH AVE,,SHENANDOAH,,,893869.63,1011050.0,1,February2014.dta
387178,11oct2014,2014,10,11,2213,October,2014,Other Offense,265321,LEAVING SCENE OF ACCIDENT,Yes,No,No,1,2,27,2163,S GRAND BLVD,,GRAND,,,894231.88,1011658.0,1,October2014.dta
354877,22feb2014,2014,2,22,1700,February,2014,Other Offense,265321,LEAVING SCENE OF ACCIDENT,Yes,No,No,1,2,27,4010,FLAD AVE,,FLAD,,,891903.13,1011744.0,1,February2014.dta
388222,19oct2014,2014,10,19,1900,October,2014,Larceny,64701,LARCENY-FROM MTR VEH UNDER $500,Yes,No,No,1,2,27,3808,CLEVELAND AVE,,CLEVELAND,,,893419.81,1011243.0,1,October2014.dta
371029,21jun2014,2014,6,21,1130,June,2014,Criminal Damage,142320,DESTRUCTION OF PROPERTY-MALICIOUS/PRIV PROP,Yes,No,No,1,2,27,3923,MAGNOLIA AVE,,MAGNOLIA,,,892437.63,1010455.0,1,June2014.dta
379887,22aug2014,2014,8,22,1800,August,2014,Larceny,64701,LARCENY-FROM MTR VEH UNDER $500,Yes,No,No,1,2,27,4148,FLAD AVE,,MAGNOLIA,,,890783.5,1011874.0,1,August2014.dta
363215,26apr2014,2014,4,26,202,April,2014,Other Assaults,91114,"ASSAULT, ADULT, AGE 17 AND UP-DOMESTIC",Yes,No,No,1,2,27,3901,SHAW BLVD,,,,,893064.13,1013147.0,1,April2014.dta
385618,26sep2014,2014,9,26,1200,October,2014,Burglary,51322,BURGLARY-RESDNCE/UNK TIM/UNLW EN/UNOCCUPIED,Yes,No,No,1,2,27,4112,SHAW BLVD,,SHAW,,,891412.19,1013322.0,1,October2014.dta
352796,31jan2014,2014,1,31,1120,January,2014,Burglary,51122,BURGLARY-RESIDENCE/DAY/UNLAW ENT/UNOCCUPIED,Yes,No,No,1,2,27,,SHENANDOAH AVE,,SHENANDOAH,,,890754.19,1011230.0,1,January2014.dta
389270,28oct2014,2014,10,28,930,October,2014,Aggravated Assault,43016,ASSLT-AGGRAV-OTH-WPN-3RD-ADULT-DOMESTIC,Yes,No,No,1,2,27,3820,SHENANDOAH AVE,,SHENANDOAH,,2ND FL,893246.19,1010941.0,1,October2014.dta
392397,21nov2014,2014,11,21,402,November,2014,Other Offense,265321,LEAVING SCENE OF ACCIDENT,Yes,No,No,1,2,27,2163,S GRAND BLVD,,,,@JACK IN THE BOX - GRAND,894231.88,1011658.0,1,November2014.dta
369473,09jun2014,2014,6,9,1420,June,2014,Criminal Damage,142320,DESTRUCTION OF PROPERTY-MALICIOUS/PRIV PROP,Yes,No,No,1,2,27,3967,FLAD AVE,,FLAD,,APT 3W,892109.38,1011839.0,1,June2014.dta
387710,15oct2014,2014,10,15,1950,October,2014,Other Assaults,91114,"ASSAULT, ADULT, AGE 17 AND UP-DOMESTIC",Yes,No,No,1,2,27,3911,CASTLEMAN AVE,,CASTLEMAN,,,892819.31,1012904.0,1,October2014.dta
377290,03aug2014,2014,8,3,320,August,2014,Other Offense,265321,LEAVING SCENE OF ACCIDENT,Yes,No,No,1,2,27,3971,BOTANICAL AVE,,,,,892013.31,1010945.0,1,August2014.dta
350720,11jan2014,2014,1,11,100,January,2014,Burglary,51312,BURGLARY-RESDNCE/UNK TIM/FORC ENT/UNOCCUPIED,Yes,No,No,1,2,27,,FLORA PL,,FLORA,,,891935.0,1012358.0,1,January2014.dta
353325,31jan2014,2014,1,31,30,February,2014,Larceny,64701,LARCENY-FROM MTR VEH UNDER $500,Yes,No,No,1,2,27,3909,MAGNOLIA AVE,,MAGNOLIA,,,892529.13,1010334.0,1,February2014.dta
385631,27sep2014,2014,9,27,1200,October,2014,Burglary,51312,BURGLARY-RESDNCE/UNK TIM/FORC ENT/UNOCCUPIED,Yes,No,No,1,2,27,4128,SHENANDOAH AVE,,SHENANDOAH,,,890895.88,1011213.0,1,October2014.dta
352288,26jan2013,2013,1,26,2200,January,2014,Burglary,51322,BURGLARY-RESDNCE/UNK TIM/UNLW EN/UNOCCUPIED,Yes,No,No,1,2,27,,BOTANICAL AVE,,BOTANICAL,,,892473.69,1010892.0,1,January2014.dta
365315,10may2014,2014,5,10,405,May,2014,Burglary,52212,BURGLARY-BUSINESS/NIT/FORCE ENT/UNOCCUPIE,Yes,No,No,1,2,27,2107,S GRAND BLVD,,GRAND,THE HUTCHESON ARMS,,894367.69,1012217.0,1,May2014.dta
393453,29nov2014,2014,11,29,400,November,2014,Disorderly Conduct,241100,DISORDERLY CONDUCT-PEACE DSTRB/INDIVIDUAL,Yes,No,No,1,2,27,3911,CASTLEMAN AVE,,CASTLEMAN,,,892819.31,1012904.0,1,November2014.dta
373657,08jul2014,2014,7,8,1900,July,2014,Larceny,64701,LARCENY-FROM MTR VEH UNDER $500,Yes,No,No,1,2,81,0,MAGNOLIA AVE / THURMAN AVE,,MAGNOLIA,,,891148.88,1010428.0,1,July2014.dta
350733,11jan2014,2014,1,11,800,January,2014,Criminal Damage,142320,DESTRUCTION OF PROPERTY-MALICIOUS/PRIV PROP,Yes,No,No,1,2,27,,S 39TH ST,,39TH,,,893021.13,1012792.0,1,January2014.dta
374699,16jul2014,2014,7,16,1800,July,2014,Criminal Damage,142320,DESTRUCTION OF PROPERTY-MALICIOUS/PRIV PROP,Yes,No,No,1,2,27,4121,SHENANDOAH AVE,,SHENANDOAH,,,891001.13,1011385.0,1,July2014.dta
395021,08dec2014,2014,12,8,1800,December,2014,Larceny,64601,"LARCENY-FROM MTR VEH $500 - $24,999",Yes,No,No,1,2,27,4208,SHAW AVE,,SHAW,,,890486.31,1013301.0,1,December2014.dta
379913,22aug2014,2014,8,22,2200,August,2014,Larceny,65701,LARCENY-MTR VEH PARTS UNDER $500,Yes,No,No,1,2,27,4227,CLEVELAND AVE,,CLEVELAND,,,890144.19,1011809.0,1,August2014.dta
390333,03nov2014,2014,11,3,1240,November,2014,Larceny,64601,"LARCENY-FROM MTR VEH $500 - $24,999",Yes,No,No,1,2,27,4141,SHAW AVE,,SHAW,,,891052.63,1013462.0,1,November2014.dta
381998,05sep2014,2014,9,5,2200,September,2014,Motor Vehicle Theft,71013,AUTO THEFT-PERM RETNT/UNRECOV OVER 48HR,Yes,No,No,1,2,27,4265,CLEVELAND AVE,,CLEVELAND,,,889715.69,1011875.0,1,September2014.dta
372621,01jul2014,2014,7,1,1140,July,2014,Other Offense,264100,HEALTH-SANITATION VIOL,Yes,No,No,1,2,27,4206,SHAW AVE,,SHAW,,,890513.81,1013298.0,1,July2014.dta
357512,17mar2014,2014,3,17,900,March,2014,Burglary,51112,BURGLARY-RESIDENCE/DAY/FORCE ENT/UNOCCUPIED,Yes,No,No,1,2,27,4161,SHAW AVE,,SHAW,,APT 1W,890854.13,1013486.0,1,March2014.dta
380958,09feb2014,2014,2,9,1200,September,2014,Burglary,51322,BURGLARY-RESDNCE/UNK TIM/UNLW EN/UNOCCUPIED,Yes,No,No,1,2,27,3912,SHAW AVE,,SHAW,,3912 AND 3914 SHAW,892837.5,1013024.0,1,September2014.dta
361684,13apr2014,2014,4,13,1930,April,2014,Driving Under Influence,211000,DUI-DRVING WHILE INTOXICATED,Yes,No,No,1,2,27,4176,CASTLEMAN AVE,,,,,890641.5,1012976.0,1,April2014.dta
374710,16jul2014,2014,7,16,1930,July,2014,Larceny,64711,LARCENY-FROM MTR VEH UNDER $500  /ATTEMPT,Yes,No,No,1,2,27,4018,DETONTY ST,,DETONTY,,,892050.13,1013511.0,1,July2014.dta
373669,08jul2014,2014,7,8,2000,July,2014,Motor Vehicle Theft,71013,AUTO THEFT-PERM RETNT/UNRECOV OVER 48HR,Yes,No,No,1,2,27,4017,BOTANICAL AVE,,BOTANICAL,,,891743.88,1010977.0,1,July2014.dta
368462,01jun2014,2014,6,1,1530,June,2014,Motor Vehicle Theft,71040,AUTO THEFT-PERM RETNT/ATTEMPT,Yes,No,No,1,2,27,3806,BOTANICAL AVE,,BOTANICAL,,IN REAR,893541.81,1010727.0,1,June2014.dta
392429,21nov2014,2014,11,21,1000,November,2014,Burglary,51112,BURGLARY-RESIDENCE/DAY/FORCE ENT/UNOCCUPIED,Yes,No,No,1,2,27,3867,SHAW AVE,,SHAW,,,893076.38,1013223.0,1,November2014.dta
365858,14may2014,2014,5,14,1810,May,2014,Robbery,31422,ROBBERY-HIGHWAY  /STRNGARM/NO INJ/ATTEMPT,Yes,No,No,1,2,27,4165,BOTANICAL AVE,,BOTANICAL,,,890543.13,1011116.0,1,May2014.dta
368464,01jun2014,2014,6,1,1600,June,2014,Motor Vehicle Theft,71013,AUTO THEFT-PERM RETNT/UNRECOV OVER 48HR,Yes,No,No,1,2,27,3808,BOTANICAL AVE,,BOTANICAL,,,893348.19,1010601.0,1,June2014.dta
373674,08jul2014,2014,7,8,2100,July,2014,Motor Vehicle Theft,71040,AUTO THEFT-PERM RETNT/ATTEMPT,Yes,No,No,1,2,27,2312,TOWER GROVE AVE,,TOWER GROVE,,@ REAR,889629.31,1011301.0,1,July2014.dta
352313,26jan2014,2014,1,26,900,January,2014,Larceny,64701,LARCENY-FROM MTR VEH UNDER $500,Yes,No,No,1,2,27,,CASTLEMAN AVE,,CASTLEMAN,,,892726.63,1012735.0,1,January2014.dta
391911,16nov2014,2014,11,16,1920,November,2014,Frauds,115200,FRAUD-STEALING BY DECEIT/UNDER $150,Yes,No,No,1,2,27,2255,S GRAND BLVD,,,,@SUBWAY - GRAND,894126.13,1011007.0,1,November2014.dta
363779,01nov2013,2013,11,1,200,April,2014,Larceny,69602,"LARCENY-ALL OTHER $500 - $24,999",Yes,No,No,1,2,27,2211,S GRAND BLVD,,GRAND,,,894190.38,1011405.0,1,April2014.dta
353881,13feb2014,2014,2,13,1250,February,2014,Larceny,64601,"LARCENY-FROM MTR VEH $500 - $24,999",Yes,No,No,1,2,27,2255,S GRAND BLVD,,GRAND,SUBWAY RESTAURANT,@SUBWAY - GRAND,894126.13,1011007.0,1,February2014.dta
353363,31jan2014,2014,1,31,2130,February,2014,Larceny,64701,LARCENY-FROM MTR VEH UNDER $500,Yes,No,No,1,2,27,4101,MAGNOLIA AVE,,MAGNOLIA,,,891047.63,1010514.0,1,February2014.dta
358053,22mar2014,2014,3,22,1000,March,2014,Larceny,67601,"LARCENY-FROM BUILDING $500 - $24,999",Yes,No,No,1,2,27,3938,BOTANICAL AVE,,SHAW,,,892297.13,1010726.0,1,March2014.dta
370558,18jun2014,2014,6,18,55,June,2014,Criminal Damage,142320,DESTRUCTION OF PROPERTY-MALICIOUS/PRIV PROP,Yes,No,No,1,2,27,4069,FLAD AVE,,FLAD,,,891358.38,1011992.0,1,June2014.dta
352844,31jan2014,2014,1,31,1925,January,2014,Other Offense,265321,LEAVING SCENE OF ACCIDENT,Yes,No,No,1,2,27,,CASTLEMAN AVE / S SPRING AVE,,,,,893772.19,1012728.0,1,January2014.dta
391921,16nov2014,2014,11,16,2030,November,2014,Larceny,64601,"LARCENY-FROM MTR VEH $500 - $24,999",Yes,No,No,1,2,27,4176,RUSSELL BLVD,,RUSSELL,,APT 2E,890775.63,1012762.0,1,November2014.dta
357015,13mar2014,2014,3,13,424,March,2014,Other Offense,265321,LEAVING SCENE OF ACCIDENT,Yes,No,No,1,2,81,0,MAGNOLIA AVE / TOW,,,,,889406.38,1010623.0,1,March2014.dta
367956,01jun2013,2013,6,1,1353,May,2014,Frauds,115400,STLG BY DECEIT/IDENTITY THEFT REPORT,Yes,No,No,1,2,27,3944,CLEVELAND AVE,,CLEVELAND,,,892312.38,1011375.0,1,May2014.dta
370040,14jun2014,2014,6,14,55,June,2014,Disorderly Conduct,241100,DISORDERLY CONDUCT-PEACE DSTRB/INDIVIDUAL,Yes,No,No,1,2,27,4153,BOTANICAL AVE,,BOTANICAL,,,890654.13,1011103.0,1,June2014.dta
352327,26jan2014,2014,1,26,1300,January,2014,Larceny,64711,LARCENY-FROM MTR VEH UNDER $500  /ATTEMPT,Yes,No,No,1,2,27,,BOTANICAL AVE,,BOTANICAL,,,889884.31,1011009.0,1,January2014.dta
376815,23jul2014,2014,7,23,850,August,2014,Other Offense,264100,HEALTH-SANITATION VIOL,Yes,No,No,1,2,27,4033,FLAD AVE,,FLAD,,,891709.88,1011951.0,1,August2014.dta
379941,23aug2014,2014,8,23,130,August,2014,Burglary,52312,BURGLARY-BUSINESS/UNK TIME/FORC ENT/UNOCCUPIED,Yes,No,No,1,2,27,4069,SHENANDOAH AVE,,SHENANDOAH,THURMAN GRILL,,891289.69,1011352.0,1,August2014.dta
374210,12jul2014,2014,7,12,2000,July,2014,Larceny,67701,LARCENY-FROM BUILDING UNDER $500,Yes,No,No,1,2,27,4152,SHAW AVE,,SHAW,,,890895.31,1013253.0,1,July2014.dta
361708,13apr2014,2014,4,13,2210,April,2014,Other Assaults,91124,"ASSAULT, CHILD, AGE 16 AND UNDR-DOMESTIC",Yes,No,No,1,2,27,4157,SHAW AVE,,SHAW,,,890904.0,1013480.0,1,April2014.dta
358583,27mar2014,2014,3,27,1451,March,2014,Other Offense,265321,LEAVING SCENE OF ACCIDENT,Yes,No,No,1,2,27,0,SHAW BLVD / LAWREN,,,,,892283.0,1013230.0,1,March2014.dta
350248,04jan2014,2014,1,4,1500,January,2014,Burglary,51322,BURGLARY-RESDNCE/UNK TIM/UNLW EN/UNOCCUPIED,Yes,No,No,1,2,27,,FLORA PL,,FLORA,,,890333.19,1012255.0,1,January2014.dta
352332,26jan2014,2014,1,26,1500,January,2014,Criminal Damage,142320,DESTRUCTION OF PROPERTY-MALICIOUS/PRIV PROP,Yes,No,No,1,2,27,,TOWER GROVE AVE,,TOWER GROVE,,,889568.13,1011273.0,1,January2014.dta
361710,13apr2014,2014,4,13,2210,April,2014,Other Assaults,91114,"ASSAULT, ADULT, AGE 17 AND UP-DOMESTIC",Yes,No,No,1,2,27,4157,SHAW AVE,,SHAW,,,890904.0,1013480.0,1,April2014.dta
350770,11jan2014,2014,1,11,1550,January,2014,Larceny,67701,LARCENY-FROM BUILDING UNDER $500,Yes,No,No,1,2,27,,S GRAND BLVD,,GRAND,JACK IN THE BOX - GRAND,,894231.88,1011658.0,1,January2014.dta
361193,10apr2014,2014,4,10,1130,April,2014,Criminal Damage,142320,DESTRUCTION OF PROPERTY-MALICIOUS/PRIV PROP,Yes,No,No,1,2,27,3846,DETONTY ST,,DETONTY,,,893287.19,1013368.0,1,April2014.dta
395058,08dec2014,2014,12,8,2230,December,2014,Larceny,64701,LARCENY-FROM MTR VEH UNDER $500,Yes,No,No,1,2,27,4110,BOTANICAL AVE,,BOTANICAL,,,891039.13,1010874.0,1,December2014.dta
391415,12nov2014,2014,11,12,1030,November,2014,Burglary,51122,BURGLARY-RESIDENCE/DAY/UNLAW ENT/UNOCCUPIED,Yes,No,No,1,2,27,4158,FLAD AVE,,FLAD,,,890696.69,1011884.0,1,November2014.dta
373701,08jul2014,2014,7,8,2300,July,2014,Motor Vehicle Theft,71030,AUTO THEFT-PERM RETNT/JOY RIDE,Yes,No,No,1,2,27,4262,SHENANDOAH AVE,,JUNIATA,,,889726.31,1011360.0,1,July2014.dta
384643,25sep2014,2014,9,25,714,September,2014,Aggravated Assault,43015,ASSLT-AGGRAV-OTH-WPN-2ND-ADULT-DOMESTIC,Yes,No,No,1,2,27,4147,FLAD AVE,,FLAD,,,890829.0,1012054.0,1,September2014.dta
385686,30sep2014,2014,9,30,2000,October,2014,Larceny,65701,LARCENY-MTR VEH PARTS UNDER $500,Yes,No,No,1,2,27,4146,FLORA PL,,FLORA,,,890829.81,1012196.0,1,October2014.dta
379955,23aug2014,2014,8,23,428,August,2014,Burglary,52212,BURGLARY-BUSINESS/NIT/FORCE ENT/UNOCCUPIE,Yes,No,No,1,2,27,2253,S GRAND BLVD,,GRAND,BOOST MOBILE,STORE NUMBER 1123957,894126.13,1011007.0,1,August2014.dta
374745,17jul2014,2014,7,17,1,July,2014,Motor Vehicle Theft,71013,AUTO THEFT-PERM RETNT/UNRECOV OVER 48HR,Yes,No,No,1,2,27,3902,SHENANDOAH AVE,,SHENANDOAH,,,892675.88,1011009.0,1,July2014.dta
385687,30sep2014,2014,9,30,2000,October,2014,Larceny,65601,"LARCENY-MTR VEH PARTS $500 - $24,999",Yes,No,No,1,2,27,3652,BOTANICAL AVE,,,,,893662.88,1010563.0,1,October2014.dta
369015,05jun2014,2014,6,5,1730,June,2014,Larceny,64701,LARCENY-FROM MTR VEH UNDER $500,Yes,No,No,1,2,27,3636,DE TONTY ST,,DE TONTY,,,894582.81,1013325.0,1,June2014.dta
376831,24jul2014,2014,7,24,1200,August,2014,Other Offense,264100,HEALTH-SANITATION VIOL,Yes,No,No,1,2,27,4063,FLAD AVE,,FLAD,,,891417.38,1011985.0,1,August2014.dta
397671,30dec2014,2014,12,30,2025,December,2014,Aggravated Assault,41013,AGG.ASSAULT-FIREARM/CITIZEN ADULT 3RD DEGREE,Yes,No,No,1,2,27,3909,CLEVELAND AVE,,CLEVELAND,,,892659.0,1011515.0,1,December2014.dta
376832,24jul2014,2014,7,24,1320,August,2014,Other Offense,264100,HEALTH-SANITATION VIOL,Yes,No,No,1,2,27,4063,FLAD AVE,,FLAD,,,891417.38,1011985.0,1,August2014.dta
397672,30dec2014,2014,12,30,2025,December,2014,Aggravated Assault,41016,ASSLT-AGGRAV-FIREARM-3RD-ADULT-DOMESTIC,Yes,No,No,1,2,27,3909,CLEVELAND AVE,,CLEVELAND,,,892659.0,1011515.0,1,December2014.dta
363292,26apr2014,2014,4,26,1930,April,2014,Criminal Damage,142320,DESTRUCTION OF PROPERTY-MALICIOUS/PRIV PROP,Yes,No,No,1,2,27,3932,DETONTY ST,,DETONTY,,,892690.31,1013437.0,1,April2014.dta
375275,20jul2014,2014,7,20,2100,July,2014,Burglary,51212,BURGLARY-RESIDENCE/NIT/FORCE ENT/UNOCCUPIED,Yes,No,No,1,2,27,3932,SHAW AVE,,SHAW,,,892668.63,1013044.0,1,July2014.dta
395073,09dec2014,2014,12,9,130,December,2014,Motor Vehicle Theft,71040,AUTO THEFT-PERM RETNT/ATTEMPT,Yes,No,No,1,2,27,4031,SHAW AVE,,SHAW,,,891899.88,1013362.0,1,December2014.dta
385696,30sep2014,2014,9,30,2230,October,2014,Larceny,65701,LARCENY-MTR VEH PARTS UNDER $500,Yes,No,No,1,2,27,4112,CLEVELAND AVE,,CLEVELAND,,,891094.13,1011516.0,1,October2014.dta
369024,05jun2014,2014,6,5,1830,June,2014,Larceny,65701,LARCENY-MTR VEH PARTS UNDER $500,Yes,No,No,1,2,27,4205,BOTANICAL AVE,,BOTANICAL,,,890281.38,1011115.0,1,June2014.dta
360689,06apr2014,2014,4,6,342,April,2014,Driving Under Influence,211000,DUI-DRVING WHILE INTOXICATED,Yes,No,No,1,2,81,0,MAGNOLIA AVE / THURMAN AVE,,BOTANICAL,,,891148.88,1010428.0,1,April2014.dta
356523,01mar2014,2014,3,1,1800,March,2014,Larceny,64701,LARCENY-FROM MTR VEH UNDER $500,Yes,No,No,1,2,27,2163,S GRAND BLVD,,GRAND,JACK IN THE BOX,,894231.88,1011658.0,1,March2014.dta
359649,09mar2014,2014,3,9,1200,March,2014,Larceny,64711,LARCENY-FROM MTR VEH UNDER $500  /ATTEMPT,Yes,No,No,1,2,27,4262,FLAD AVE,,FLAD,,,889800.81,1011998.0,1,March2014.dta
393517,29nov2014,2014,11,29,2000,November,2014,Larceny,64701,LARCENY-FROM MTR VEH UNDER $500,Yes,No,No,1,2,27,3847,SHENANDOAH AVE,,SHENANDOAH,,,893024.81,1011151.0,1,November2014.dta
373719,09jul2014,2014,7,9,200,July,2014,Motor Vehicle Theft,71030,AUTO THEFT-PERM RETNT/JOY RIDE,Yes,No,No,1,2,27,0,SHENANDOAH AVE / THURMAN AVE,,,,,891261.38,1011296.0,1,July2014.dta
370073,14jun2014,2014,6,14,800,June,2014,Larceny,69702,LARCENY-ALL OTHER UNDER $500,Yes,No,No,1,2,27,3932,BOTANICAL AVE,,BOTANICAL,,,892361.13,1010718.0,1,June2014.dta
369032,05jun2014,2014,6,5,1930,June,2014,Larceny,64711,LARCENY-FROM MTR VEH UNDER $500  /ATTEMPT,Yes,No,No,1,2,27,3626,FLORA PL,,FLORA,,,894120.0,1011812.0,1,June2014.dta
377369,03aug2014,2014,8,3,1800,August,2014,Larceny,66701,LARCENY-BICYCLES UNDER $500,Yes,No,No,1,2,27,4247,BOTANICAL AVE,,BOTANICAL,,,889879.0,1011194.0,1,August2014.dta
382581,10sep2014,2014,9,10,1305,September,2014,Larceny,64601,"LARCENY-FROM MTR VEH $500 - $24,999",Yes,No,No,1,2,27,4117,RUSSELL AVE,,RUSSELL,,,891188.88,1012786.0,1,September2014.dta
391439,12nov2014,2014,11,12,1500,November,2014,Motor Vehicle Theft,71013,AUTO THEFT-PERM RETNT/UNRECOV OVER 48HR,Yes,No,No,1,2,27,3929,FLORA PL,,FLORA,,,892572.63,1012284.0,1,November2014.dta
383625,18sep2014,2014,9,18,1300,September,2014,Motor Vehicle Theft,71040,AUTO THEFT-PERM RETNT/ATTEMPT,Yes,No,No,1,2,27,3847,FLORA PL,,FLORA,,,893152.13,1012218.0,1,September2014.dta
388315,20oct2014,2014,10,20,1555,October,2014,Larceny,69702,LARCENY-ALL OTHER UNDER $500,Yes,No,No,1,2,27,4177,MAGNOLIA AVE,,MAGNOLIA,,,890353.0,1010598.0,1,October2014.dta
395089,09dec2014,2014,12,9,700,December,2014,Larceny,64701,LARCENY-FROM MTR VEH UNDER $500,Yes,No,No,1,2,27,3944,BOTANICAL AVE,,BOTANICAL,,,892231.38,1010734.0,1,December2014.dta
395610,13dec2014,2014,12,13,1300,December,2014,Larceny,64701,LARCENY-FROM MTR VEH UNDER $500,Yes,No,No,1,2,27,4225,CLEVELAND AVE,,CLEVELAND,,,890171.63,1011806.0,1,December2014.dta
378418,11aug2014,2014,8,11,900,August,2014,Larceny,64701,LARCENY-FROM MTR VEH UNDER $500,Yes,No,No,1,2,27,4127,CASTLEMAN AVE,,CASTLEMAN,,,891136.81,1013094.0,1,August2014.dta
365393,10may2014,2014,5,10,1937,May,2014,Other Assaults,91113,SIMPLE ASSAULT-ADULT/NO INJURY,Yes,No,No,1,2,27,3928,CLEVELAND AVE,,CLEVELAND,,,892464.88,1011357.0,1,May2014.dta
369561,10jun2014,2014,6,10,1000,June,2014,Burglary,51112,BURGLARY-RESIDENCE/DAY/FORCE ENT/UNOCCUPIED,Yes,No,No,1,2,27,4236,BOTANICAL AVE,,BOTANICAL,,,889949.31,1011002.0,1,June2014.dta
396655,21dec2014,2014,12,21,1618,December,2014,Aggravated Assault,41011,AGG.ASSAULT-FIREARM/CITIZEN ADULT 1ST DEGREE,Yes,No,No,1,2,27,3998,CLEVELAND AVE,,CLEVELAND,,,892066.69,1011527.0,1,December2014.dta
382588,10sep2014,2014,9,10,1430,September,2014,Larceny,64701,LARCENY-FROM MTR VEH UNDER $500,Yes,No,No,1,2,27,3907,BOTANICAL AVE,,BOTANICAL,,,892615.81,1010876.0,1,September2014.dta
395093,09dec2014,2014,12,9,730,December,2014,Larceny,66701,LARCENY-BICYCLES UNDER $500,Yes,No,No,1,2,27,3922,CLEVELAND AVE,,CLEVELAND,,,892524.0,1011350.0,1,December2014.dta
372692,01jul2014,2014,7,1,2100,July,2014,Criminal Damage,142320,DESTRUCTION OF PROPERTY-MALICIOUS/PRIV PROP,Yes,No,No,1,2,27,4171,MAGNOLIA AVE,,MAGNOLIA,,,890417.81,1010588.0,1,July2014.dta
391969,17nov2014,2014,11,17,900,November,2014,Motor Vehicle Theft,71013,AUTO THEFT-PERM RETNT/UNRECOV OVER 48HR,Yes,No,No,1,2,27,4258,BOTANICAL AVE,,BOTANICAL,,,889734.81,1011026.0,1,November2014.dta
370609,18jun2014,2014,6,18,1255,June,2014,Burglary,51112,BURGLARY-RESIDENCE/DAY/FORCE ENT/UNOCCUPIED,Yes,No,No,1,2,27,4034,DETONTY ST,,DETONTY,,1ST FL,891888.31,1013530.0,1,June2014.dta
389889,28oct2014,2014,10,28,1100,November,2014,Larceny,64601,"LARCENY-FROM MTR VEH $500 - $24,999",Yes,No,No,1,2,27,3806,BOTANICAL AVE,,BOTANICAL,,APT A,893378.0,1010597.0,1,November2014.dta
390411,03nov2014,2014,11,3,2100,November,2014,Motor Vehicle Theft,71030,AUTO THEFT-PERM RETNT/JOY RIDE,Yes,No,No,1,2,27,3857,RUSSELL BLVD,,RUSSELL,,,892989.31,1012529.0,1,November2014.dta
351857,21jan2014,2014,1,21,1600,January,2014,Burglary,51312,BURGLARY-RESDNCE/UNK TIM/FORC ENT/UNOCCUPIED,Yes,No,No,1,2,27,,DE TONTY ST,,DE TONTY,,,892273.63,1013556.0,1,January2014.dta
353422,15dec2013,2013,12,15,1500,February,2014,Burglary,51322,BURGLARY-RESDNCE/UNK TIM/UNLW EN/UNOCCUPIED,Yes,No,No,1,2,27,4227,RUSSELL AVE,,RUSSELL,,GARAGE,890252.19,1012894.0,1,February2014.dta
390414,03nov2014,2014,11,3,2120,November,2014,Arson,83000,ARSON-KNOWINGLY BURNING/SUCCESS,Yes,No,No,1,2,27,3954,RUSSELL BLVD,,RUSSELL,,,892205.88,1012611.0,1,November2014.dta
351860,21jan2014,2014,1,21,1640,January,2014,Larceny,64711,LARCENY-FROM MTR VEH UNDER $500  /ATTEMPT,Yes,No,No,1,2,27,,BOTANICAL AVE,,BOTANICAL,,,890201.31,1010972.0,1,January2014.dta
397709,31dec2014,2014,12,31,1015,December,2014,Larceny,69702,LARCENY-ALL OTHER UNDER $500,Yes,No,No,1,2,27,3837,SHENANDOAH AVE,,SHENANDOAH,,,893121.81,1011139.0,1,December2014.dta
379474,19aug2014,2014,8,19,1630,August,2014,Larceny,65701,LARCENY-MTR VEH PARTS UNDER $500,Yes,No,No,1,2,27,0,S 39TH ST / DE TONTY ST,,,,ALIAS DETONTY/39TH,893104.13,1013477.0,1,August2014.dta
352905,15aug2013,2013,8,15,1500,January,2014,Criminal Damage,142320,DESTRUCTION OF PROPERTY-MALICIOUS/PRIV PROP,Yes,No,No,1,2,27,,S GRAND BLVD,,GRAND,,,894231.88,1011658.0,1,January2014.dta
397193,26dec2014,2014,12,26,1845,December,2014,Larceny,64711,LARCENY-FROM MTR VEH UNDER $500  /ATTEMPT,Yes,No,No,1,2,27,3841,BOTANICAL AVE,,BOTANICAL,,,893034.81,1010827.0,1,December2014.dta
376875,27jul2014,2014,7,27,815,August,2014,Other Offense,266999,PUBLIC ORDER-OTHR UNSPC PBLC ORDER VIOLATION,Yes,No,No,1,2,27,4147,FLAD AVE,,VIRGINIA,,,890829.0,1012054.0,1,August2014.dta
358641,27mar2014,2014,3,27,744,March,2014,Weapons,151140,WEAPONS-STATE VIOL/UNLWFL USE/DISCHARGING,Yes,No,No,1,2,27,3820,SHENANDOAH AVE,,SHENANDOAH,,,893246.19,1010941.0,1,March2014.dta
359683,09mar2014,2014,3,9,1700,March,2014,Larceny,64711,LARCENY-FROM MTR VEH UNDER $500  /ATTEMPT,Yes,No,No,1,2,27,4212,SHENANDOAH AVE,,SHENANDOAH,,,890211.88,1011293.0,1,March2014.dta
357600,18mar2014,2014,3,18,650,March,2014,Other Offense,265321,LEAVING SCENE OF ACCIDENT,Yes,No,No,1,2,27,2300,TOWER GROVE AVE,,,,,889560.69,1011380.0,1,March2014.dta
358642,27mar2014,2014,3,27,744,March,2014,Other Offense,266999,PUBLIC ORDER-OTHR UNSPC PBLC ORDER VIOLATION,Yes,No,No,1,2,27,3820,SHENANDOAH AVE,,SHENANDOAH,,,893246.19,1010941.0,1,March2014.dta
362291,18apr2014,2014,4,18,2239,April,2014,Other Offense,266999,PUBLIC ORDER-OTHR UNSPC PBLC ORDER VIOLATION,Yes,No,No,1,2,27,3820,SHENANDOAH AVE,,SHENANDOAH,,,893246.19,1010941.0,1,April2014.dta
387300,12oct2014,2014,10,12,1945,October,2014,Motor Vehicle Theft,71013,AUTO THEFT-PERM RETNT/UNRECOV OVER 48HR,Yes,No,No,1,2,27,4016,BOTANICAL AVE,,BOTANICAL,,,891739.19,1010793.0,1,October2014.dta
354478,19feb2014,2014,2,19,1536,February,2014,Narcotics,182400,DRUGS-POSSESSION/MARIJUANA,Yes,No,No,1,2,27,4217,SHAW BLVD,,SHAW,,,890515.5,1013417.0,1,February2014.dta
351353,16jan2014,2014,1,16,1540,January,2014,Larceny,64601,"LARCENY-FROM MTR VEH $500 - $24,999",Yes,No,No,1,2,27,,S GRAND BLVD,,ANN,,@NAIL TECH,894126.13,1011007.0,1,January2014.dta
390428,04nov2014,2014,11,4,1,November,2014,Motor Vehicle Theft,71030,AUTO THEFT-PERM RETNT/JOY RIDE,Yes,No,No,1,2,27,4137,MAGNOLIA AVE,,MAGNOLIA,,,890772.13,1010652.0,1,November2014.dta
364378,03may2014,2014,5,3,1400,May,2014,Criminal Damage,142320,DESTRUCTION OF PROPERTY-MALICIOUS/PRIV PROP,Yes,No,No,1,2,27,4171,CASTLEMAN AVE,,CASTLEMAN,,,890697.31,1013145.0,1,May2014.dta
395641,13dec2014,2014,12,13,1630,December,2014,Criminal Damage,142320,DESTRUCTION OF PROPERTY-MALICIOUS/PRIV PROP,Yes,No,No,1,2,27,4265,BOTANICAL AVE,,BOTANICAL,,,889693.31,1011215.0,1,December2014.dta
384701,25sep2014,2014,9,25,1645,September,2014,Burglary,51312,BURGLARY-RESDNCE/UNK TIM/FORC ENT/UNOCCUPIED,Yes,No,No,1,2,27,1819,THURMAN AVE,,THURMAN,,APT A,891422.38,1013462.0,1,September2014.dta
397206,26dec2014,2014,12,26,2100,December,2014,Motor Vehicle Theft,72113,AUTO THEFT-TRUCK/PERM RETNT/UNRECOV OVER 48HR,Yes,No,No,1,2,27,4220,CASTLEMAN AVE,,CASTLEMAN,,,890328.88,1013013.0,1,December2014.dta
355526,03feb2014,2014,2,3,2000,February,2014,Motor Vehicle Theft,71013,AUTO THEFT-PERM RETNT/UNRECOV OVER 48HR,Yes,No,No,1,2,27,2348,LAWRENCE ST,,LAWRENCE,,,892016.38,1010664.0,1,February2014.dta
351880,21jan2014,2014,1,21,2030,January,2014,Other Offense,265321,LEAVING SCENE OF ACCIDENT,Yes,No,No,1,2,27,,CLEVELAND AVE,,CLEVELAND,,,893471.88,1011419.0,1,January2014.dta
390434,04nov2014,2014,11,4,201,November,2014,Other Assaults,91114,"ASSAULT, ADULT, AGE 17 AND UP-DOMESTIC",Yes,No,No,1,2,27,2163,S GRAND BLVD,,,REAR OF JACK N THE BOX,,894231.88,1011658.0,1,November2014.dta
379494,19aug2014,2014,8,19,1830,August,2014,Larceny,64711,LARCENY-FROM MTR VEH UNDER $500  /ATTEMPT,Yes,No,No,1,2,27,10,SHAW PL,,SHAW,,,894077.31,1013357.0,1,August2014.dta
386788,08oct2014,2014,10,8,2327,October,2014,Criminal Damage,142320,DESTRUCTION OF PROPERTY-MALICIOUS/PRIV PROP,Yes,No,No,1,2,27,4135,SHAW AVE,,SHAW,,,891103.63,1013456.0,1,October2014.dta
378454,11aug2014,2014,8,11,1730,August,2014,Larceny,64701,LARCENY-FROM MTR VEH UNDER $500,Yes,No,No,1,2,27,3903,BOTANICAL AVE,,BOTANICAL,,,892666.13,1010870.0,1,August2014.dta
397731,31dec2014,2014,12,31,1730,December,2014,Criminal Damage,142320,DESTRUCTION OF PROPERTY-MALICIOUS/PRIV PROP,Yes,No,No,1,2,27,3848,BOTANICAL AVE,,BOTANICAL,,,892936.13,1010649.0,1,December2014.dta
361784,14apr2014,2014,4,14,1800,April,2014,Larceny,65601,"LARCENY-MTR VEH PARTS $500 - $24,999",Yes,No,No,1,2,27,0,FLAD AVE / KLEMM ST,,FLAD,,,890489.13,1011999.0,1,April2014.dta
353448,01feb2014,2014,2,1,100,February,2014,Other Offense,265321,LEAVING SCENE OF ACCIDENT,Yes,No,No,1,2,81,0,CENTER CROSS DR /,,,TOWER GROVE PARK,,889406.38,1010623.0,1,February2014.dta
363870,31mar2014,2014,3,31,1600,May,2014,Larceny,67601,"LARCENY-FROM BUILDING $500 - $24,999",Yes,No,No,1,2,27,4161,MAGNOLIA AVE,,MAGNOLIA,,,890533.31,1010689.0,1,May2014.dta
357618,19mar2014,2014,3,19,1000,March,2014,Larceny,67601,"LARCENY-FROM BUILDING $500 - $24,999",Yes,No,No,1,2,27,4038,DETONTY ST,,DETONTY,,,891854.13,1013534.0,1,March2014.dta
383669,18sep2014,2014,9,18,1800,September,2014,Burglary,51222,BURGLARY-RESIDENCE/NIT/UNLAW ENT/UNOCCUPIED,Yes,No,No,1,2,27,3903,CASTLEMAN AVE,,CASTLEMAN,,,892900.38,1012896.0,1,September2014.dta
386795,09oct2014,2014,10,9,30,October,2014,Other Assaults,91303,SIMPLE ASSAULT-POLICE OFFICER/NO INJURY,Yes,No,No,1,2,27,0,KLEMM ST / SHAW BLVD,,,,,890650.81,1013403.0,1,October2014.dta
386796,09oct2014,2014,10,9,30,October,2014,Other Assaults,91303,SIMPLE ASSAULT-POLICE OFFICER/NO INJURY,Yes,No,No,1,2,27,0,KLEMM ST / SHAW BLVD,,,,,890650.81,1013403.0,1,October2014.dta
358141,22mar2014,2014,3,22,800,March,2014,Burglary,51322,BURGLARY-RESDNCE/UNK TIM/UNLW EN/UNOCCUPIED,Yes,No,No,1,2,27,4036,SHAW AVE,,SHAW,,,891798.5,1013148.0,1,March2014.dta
386797,09oct2014,2014,10,9,30,October,2014,Other Assaults,91303,SIMPLE ASSAULT-POLICE OFFICER/NO INJURY,Yes,No,No,1,2,27,0,KLEMM ST / SHAW BLVD,,,,,890650.81,1013403.0,1,October2014.dta
386798,09oct2014,2014,10,9,30,October,2014,Other Assaults,91303,SIMPLE ASSAULT-POLICE OFFICER/NO INJURY,Yes,No,No,1,2,27,0,KLEMM ST / SHAW BLVD,,,,,890650.81,1013403.0,1,October2014.dta
380548,28aug2014,2014,8,28,1430,August,2014,Motor Vehicle Theft,71013,AUTO THEFT-PERM RETNT/UNRECOV OVER 48HR,Yes,No,No,1,2,27,3925,BOTANICAL AVE,,BOTANICAL,,,892473.69,1010892.0,1,August2014.dta
390449,04nov2014,2014,11,4,805,November,2014,Other Offense,265321,LEAVING SCENE OF ACCIDENT,Yes,No,No,1,2,27,2163,S GRAND BLVD,,GRAND,,@JACK IN THE BOX - GRAND,894231.88,1011658.0,1,November2014.dta
375343,21jul2014,2014,7,21,1045,July,2014,Motor Vehicle Theft,71013,AUTO THEFT-PERM RETNT/UNRECOV OVER 48HR,Yes,No,No,1,2,27,4165,FLAD AVE,,FLAD,,,890628.63,1012078.0,1,July2014.dta
372744,02jul2014,2014,7,2,800,July,2014,Criminal Damage,142320,DESTRUCTION OF PROPERTY-MALICIOUS/PRIV PROP,Yes,No,No,1,2,27,2347,KLEMM ST,,KLEMM,,,890224.0,1010874.0,1,July2014.dta
388375,20oct2014,2014,10,20,2300,October,2014,Criminal Damage,142320,DESTRUCTION OF PROPERTY-MALICIOUS/PRIV PROP,Yes,No,No,1,2,27,3966,CLEVELAND AVE,,CLEVELAND,,,892092.38,1011401.0,1,October2014.dta
360763,07apr2014,2014,4,7,1,April,2014,Motor Vehicle Theft,71030,AUTO THEFT-PERM RETNT/JOY RIDE,Yes,No,No,1,2,27,3962,RUSSELL AVE,,RUSSELL,,,892267.81,1012480.0,1,April2014.dta
374310,13jul2014,2014,7,13,1600,July,2014,Larceny,64601,"LARCENY-FROM MTR VEH $500 - $24,999",Yes,No,No,1,2,27,3861,BOTANICAL AVE,,BOTANICAL,,,892857.19,1010848.0,1,July2014.dta
390984,08nov2014,2014,11,8,2030,November,2014,Other Offense,265321,LEAVING SCENE OF ACCIDENT,Yes,No,No,1,2,27,4101,FLAD AVE,,FLAD,ALLEY,,891341.38,1011915.0,1,November2014.dta
387338,12oct2014,2014,10,12,2330,October,2014,Larceny,64601,"LARCENY-FROM MTR VEH $500 - $24,999",Yes,No,No,1,2,27,0,S 39TH ST / SHAW BLVD,,,SHAW,,893064.13,1013147.0,1,October2014.dta
355036,24feb2014,2014,2,24,1202,February,2014,Burglary,51130,BURGLARY-RESIDENCE/DAY/ATT FORCE ENTRY,Yes,No,No,1,2,27,3970,SHENANDOAH AVE,,SHENANDOAH,,UNIT 1E,892021.88,1011082.0,1,February2014.dta
380046,23aug2014,2014,8,23,2330,August,2014,Robbery,31111,ROBBERY-HIGHWAY  /FIREARM USED/SUCCESSFUL,Yes,No,No,1,2,27,4200,SHENANDOAH AVE,,BOTANICAL,NA,SIDEWALK,890326.81,1011279.0,1,August2014.dta
392032,17nov2014,2014,11,17,1935,November,2014,Robbery,31111,ROBBERY-HIGHWAY  /FIREARM USED/SUCCESSFUL,Yes,No,No,1,2,27,4172,RUSSELL AVE,,RUSSELL,,APT 1E,890644.81,1012669.0,1,November2014.dta
360773,07apr2014,2014,4,7,115,April,2014,Other Offense,265321,LEAVING SCENE OF ACCIDENT,Yes,No,No,1,2,27,4274,FLAD AVE,,FLAD,,IN ALLEY,889686.63,1012011.0,1,April2014.dta
389949,31oct2014,2014,10,31,600,November,2014,Larceny,67701,LARCENY-FROM BUILDING UNDER $500,Yes,No,No,1,2,27,3863,CLEVELAND AVE,,CLEVELAND,PETER AND PAUL COMMUNITY SERVICES,,892885.38,1011489.0,1,November2014.dta
395682,13dec2014,2014,12,13,2015,December,2014,Motor Vehicle Theft,71040,AUTO THEFT-PERM RETNT/ATTEMPT,Yes,No,No,1,2,27,2217,KLEMM ST,,KLEMM,,,890377.31,1011820.0,1,December2014.dta
353481,01feb2014,2014,2,1,1345,February,2014,Larceny,64701,LARCENY-FROM MTR VEH UNDER $500,Yes,No,No,1,2,27,2253,S GRAND BLVD,,GRAND,NAIL TEK NAIL SALON,,894126.13,1011007.0,1,February2014.dta
361297,11apr2014,2014,4,11,800,April,2014,Motor Vehicle Theft,71040,AUTO THEFT-PERM RETNT/ATTEMPT,Yes,No,No,1,2,27,4221,SHAW AVE,,SHAW,MULLANPHY SCHOOL,PARKING LOT,890322.88,1013621.0,1,April2014.dta
379012,15aug2014,2014,8,15,1900,August,2014,Larceny,64711,LARCENY-FROM MTR VEH UNDER $500  /ATTEMPT,Yes,No,No,1,2,27,0,FLAD AVE / KLEMM ST,,,,,890489.13,1011999.0,1,August2014.dta
389953,31oct2014,2014,10,31,800,November,2014,Motor Vehicle Theft,71030,AUTO THEFT-PERM RETNT/JOY RIDE,Yes,No,No,1,2,27,3820,SHENANDOAH AVE,,DEWEY,,ON STREET,893246.19,1010941.0,1,November2014.dta
351400,17jan2014,2014,1,17,120,January,2014,Larceny,67601,"LARCENY-FROM BUILDING $500 - $24,999",Yes,No,No,1,2,27,,S GRAND BLVD,,GRAND,SAUM APARTMENTS,,894398.13,1012718.0,1,January2014.dta
383184,14sep2014,2014,9,14,1900,September,2014,Criminal Damage,142320,DESTRUCTION OF PROPERTY-MALICIOUS/PRIV PROP,Yes,No,No,1,2,27,3838,SHENANDOAH AVE,,SHENANDOAH,,@ REAR,893098.38,1010959.0,1,September2014.dta
383188,14sep2014,2014,9,14,1949,September,2014,Disorderly Conduct,241100,DISORDERLY CONDUCT-PEACE DSTRB/INDIVIDUAL,Yes,No,No,1,2,27,4059,CLEVELAND AVE,,CLEVELAND,,,891301.38,1011606.0,1,September2014.dta
388398,21oct2014,2014,10,21,700,October,2014,Other Assaults,91114,"ASSAULT, ADULT, AGE 17 AND UP-DOMESTIC",Yes,No,No,1,2,27,3616,CASTLEMAN AVE,,GRAND,,APT 9,894307.5,1012548.0,1,October2014.dta
379542,19aug2014,2014,8,19,2230,August,2014,Motor Vehicle Theft,71040,AUTO THEFT-PERM RETNT/ATTEMPT,Yes,No,No,1,2,27,2107,S GRAND BLVD,,GRAND,,,894367.69,1012217.0,1,August2014.dta
365998,15may2014,2014,5,15,2230,May,2014,Motor Vehicle Theft,71013,AUTO THEFT-PERM RETNT/UNRECOV OVER 48HR,Yes,No,No,1,2,27,3802,BOTANICAL AVE,,BOTANICAL,,,893414.81,1010592.0,1,May2014.dta
371729,27jun2014,2014,6,27,1,June,2014,Motor Vehicle Theft,73313,AUTO THEFT-MTRCYCLE/PERM RETNT/UNRECOV OVER 48,Yes,No,No,1,2,27,3835,BOTANICAL AVE,,BOTANICAL,,,893090.88,1010820.0,1,June2014.dta
379025,15aug2014,2014,8,15,2045,August,2014,Larceny,64701,LARCENY-FROM MTR VEH UNDER $500,Yes,No,No,1,2,27,4067,CLEVELAND AVE,,CLEVELAND,,,891343.31,1011670.0,1,August2014.dta
386319,05oct2014,2014,10,5,1630,October,2014,Burglary,51312,BURGLARY-RESDNCE/UNK TIM/FORC ENT/UNOCCUPIED,Yes,No,No,1,2,27,3858,SHENANDOAH AVE,,SHENANDOAH,,,892902.88,1010982.0,1,October2014.dta
373295,06jul2014,2014,7,6,1030,July,2014,Larceny,67701,LARCENY-FROM BUILDING UNDER $500,Yes,No,No,1,2,27,3949,MAGNOLIA AVE,,,,,892130.69,1010389.0,1,July2014.dta
397261,27dec2014,2014,12,27,415,December,2014,Motor Vehicle Theft,71040,AUTO THEFT-PERM RETNT/ATTEMPT,Yes,No,No,1,2,27,3907,BOTANICAL AVE,,BOTANICAL,,REAR,892615.81,1010876.0,1,December2014.dta
385279,29sep2014,2014,9,29,1611,September,2014,Larceny,69702,LARCENY-ALL OTHER UNDER $500,Yes,No,No,1,2,27,4039,SHAW AVE,,SHAW,,,891844.63,1013368.0,1,September2014.dta
379028,15aug2014,2014,8,15,2100,August,2014,Larceny,64711,LARCENY-FROM MTR VEH UNDER $500  /ATTEMPT,Yes,No,No,1,2,27,4021,FLORA PL,,FLORA,,,891883.0,1012363.0,1,August2014.dta
395700,13dec2014,2014,12,13,2330,December,2014,Larceny,64601,"LARCENY-FROM MTR VEH $500 - $24,999",Yes,No,No,1,2,27,4061,BOTANICAL AVE,,BOTANICAL,,,891317.81,1011026.0,1,December2014.dta
379030,15aug2014,2014,8,15,2100,August,2014,Larceny,64701,LARCENY-FROM MTR VEH UNDER $500,Yes,No,No,1,2,27,4062,SHENANDOAH AVE,,SHENANDOAH,,,891318.81,1011164.0,1,August2014.dta
362359,19apr2014,2014,4,19,1400,April,2014,Larceny,64701,LARCENY-FROM MTR VEH UNDER $500,Yes,No,No,1,2,27,3616,CASTLEMAN AVE,,CASTLEMAN,,,894307.5,1012548.0,1,April2014.dta
350897,12jan2014,2014,1,12,1700,January,2014,Larceny,65601,"LARCENY-MTR VEH PARTS $500 - $24,999",Yes,No,No,1,2,27,,DETONTY ST,,DETONTY,,,893579.13,1013335.0,1,January2014.dta
389972,31oct2014,2014,10,31,1250,November,2014,Other Offense,265321,LEAVING SCENE OF ACCIDENT,Yes,No,No,1,2,27,2239,S GRAND BLVD,,,,,894146.81,1011136.0,1,November2014.dta
359755,09mar2014,2014,3,9,930,March,2014,Larceny,67701,LARCENY-FROM BUILDING UNDER $500,Yes,No,No,1,2,27,2109,S SPRING AVE,,SPRING,SOUTH CITY CHURCH,,893556.5,1012333.0,1,March2014.dta
379555,20aug2014,2014,8,20,10,August,2014,Larceny,64601,"LARCENY-FROM MTR VEH $500 - $24,999",Yes,No,No,1,2,27,4044,DETONTY ST,,DETONTY,,,891777.81,1013543.0,1,August2014.dta
379556,20aug2014,2014,8,20,30,August,2014,Larceny,69702,LARCENY-ALL OTHER UNDER $500,Yes,No,No,1,2,27,3859,CLEVELAND AVE,,CLEVELAND,,,892962.38,1011480.0,1,August2014.dta
385287,29sep2014,2014,9,29,1800,September,2014,Larceny,64701,LARCENY-FROM MTR VEH UNDER $500,Yes,No,No,1,2,27,3848,BOTANICAL AVE,,BOTANICAL,,,892936.13,1010649.0,1,September2014.dta
373305,06jul2014,2014,7,6,1200,July,2014,Criminal Damage,142320,DESTRUCTION OF PROPERTY-MALICIOUS/PRIV PROP,Yes,No,No,1,2,27,2235,THURMAN AVE,,THURMAN,,UNKNOWN OCCURRENCE LOCATION,891187.81,1011505.0,1,July2014.dta
375911,25jul2014,2014,7,25,1930,July,2014,Larceny,64701,LARCENY-FROM MTR VEH UNDER $500,Yes,No,No,1,2,27,4260,RUSSELL BLVD,,RUSSELL,,,889770.19,1012869.0,1,July2014.dta
397275,27dec2014,2014,12,27,1000,December,2014,Motor Vehicle Theft,71040,AUTO THEFT-PERM RETNT/ATTEMPT,Yes,No,No,1,2,27,0,FLAD AVE / KLEMM ST,,FLAD,,,890489.13,1011999.0,1,December2014.dta
360805,07apr2014,2014,4,7,945,April,2014,Other Offense,264100,HEALTH-SANITATION VIOL,Yes,No,No,1,2,27,4039,SHAW AVE,,SHAW,,,891844.63,1013368.0,1,April2014.dta
364458,04may2014,2014,5,4,1,May,2014,Burglary,51212,BURGLARY-RESIDENCE/NIT/FORCE ENT/UNOCCUPIED,Yes,No,No,1,2,27,4054,RUSSELL AVE,,RUSSELL,,,891541.63,1012564.0,1,May2014.dta
382175,07sep2014,2014,9,7,900,September,2014,Larceny,67701,LARCENY-FROM BUILDING UNDER $500,Yes,No,No,1,2,27,4271,SHENANDOAH AVE,,SHENANDOAH,,,889666.5,1011527.0,1,September2014.dta
369151,06jun2014,2014,6,6,1800,June,2014,Larceny,64701,LARCENY-FROM MTR VEH UNDER $500,Yes,No,No,1,2,27,4118,CASTLEMAN AVE,,CASTLEMAN,,,891203.0,1012911.0,1,June2014.dta
395202,10dec2014,2014,12,10,118,December,2014,Larceny,64701,LARCENY-FROM MTR VEH UNDER $500,Yes,No,No,1,2,27,4007,MAGNOLIA PL,,MAGNOLIA,,,891839.63,1010653.0,1,December2014.dta
385305,29sep2014,2014,9,29,2100,September,2014,Burglary,52330,BURGLARY-BUSINESS/UNK TIME/FORC ENT/OCCUPIED,Yes,No,No,1,2,27,2253,S GRAND BLVD,,GRAND,BOOST MOBILE,BOOST MOBILE,894126.13,1011007.0,1,September2014.dta
350398,07jan2014,2014,1,7,1130,January,2014,Motor Vehicle Theft,71013,AUTO THEFT-PERM RETNT/UNRECOV OVER 48HR,Yes,No,No,1,2,27,,BOTANICAL AVE,,BOTANICAL,,REAR,890025.69,1011177.0,1,January2014.dta
397289,27dec2014,2014,12,27,1230,December,2014,Larceny,64601,"LARCENY-FROM MTR VEH $500 - $24,999",Yes,No,No,1,2,27,4103,FLORA PL,,FLORA,,FROM A VEHICLE,891289.63,1012433.0,1,December2014.dta
370198,15jun2014,2014,6,15,243,June,2014,Burglary,52222,BURGLARY-BUSINESS/NIT/UNLAW ENT/UNOCCUPIED,Yes,No,No,1,2,27,2203,S 39TH ST,,39TH,,,892892.63,1011734.0,1,June2014.dta
366030,16may2014,2014,5,16,915,May,2014,Larceny,66601,"LARCENY-BICYCLES $500 - $24,999",Yes,No,No,1,2,27,2166,LAWRENCE ST,,LAWRENCE,,,892140.31,1011901.0,1,May2014.dta
357694,19mar2014,2014,3,19,750,March,2014,Criminal Damage,142320,DESTRUCTION OF PROPERTY-MALICIOUS/PRIV PROP,Yes,No,No,1,2,27,4035,RUSSELL BLVD,,RUSSELL,,,892205.88,1012611.0,1,March2014.dta
357695,19mar2014,2014,3,19,800,March,2014,Criminal Damage,142320,DESTRUCTION OF PROPERTY-MALICIOUS/PRIV PROP,Yes,No,No,1,2,27,3815,MAGNOLIA AVE,,MAGNOLIA,,PARKING LOT,893093.81,1010375.0,1,March2014.dta
352486,27jan2014,2014,1,27,2100,January,2014,Criminal Damage,142320,DESTRUCTION OF PROPERTY-MALICIOUS/PRIV PROP,Yes,No,No,1,2,27,,SHENANDOAH AVE,,SHENANDOAH,,,893179.63,1011132.0,1,January2014.dta
355613,04feb2014,2014,2,4,1650,February,2014,Larceny,64701,LARCENY-FROM MTR VEH UNDER $500,Yes,No,No,1,2,27,4069,CASTLEMAN AVE,,CASTLEMAN,,,891484.0,1013054.0,1,February2014.dta
363430,28apr2014,2014,4,28,100,April,2014,Larceny,65601,"LARCENY-MTR VEH PARTS $500 - $24,999",Yes,No,No,1,2,27,4259,CASTLEMAN AVE,,CASTLEMAN,,,889986.63,1013218.0,1,April2014.dta
351449,17jan2014,2014,1,17,1730,January,2014,Larceny,64601,"LARCENY-FROM MTR VEH $500 - $24,999",Yes,No,No,1,2,27,,FLORA PL,,FLORA,,,890686.13,1012212.0,1,January2014.dta
355617,04feb2014,2014,2,4,1800,February,2014,Larceny,64711,LARCENY-FROM MTR VEH UNDER $500  /ATTEMPT,Yes,No,No,1,2,27,4126,CASTLEMAN AVE,,CASTLEMAN,,,891129.19,1012920.0,1,February2014.dta
351971,22jan2014,2014,1,22,2200,January,2014,Criminal Damage,141300,DESTRUC PROPERTY-TMPRNG/WITH AUTO,Yes,No,No,1,2,27,,CLEVELAND AVE,,CLEVELAND,,CITY,893974.5,1011363.0,1,January2014.dta
372291,17may2014,2014,5,17,1,July,2014,Frauds,115400,STLG BY DECEIT/IDENTITY THEFT REPORT,Yes,No,No,1,2,27,4152,FLAD AVE,,FLAD,,,890740.31,1011879.0,1,July2014.dta
379065,16aug2014,2014,8,16,300,August,2014,Larceny,64701,LARCENY-FROM MTR VEH UNDER $500,Yes,No,No,1,2,27,4203,SHENANDOAH AVE,,SHENANDOAH,,,890397.81,1011388.0,1,August2014.dta
